"Index","Close.0024.HK","Close.0103.HK","Close.0135.HK","Close.0148.HK","Close.0206.HK","Close.0267.HK","Close.0276.HK","Close.0297.HK","Close.0319.HK","Close.0323.HK","Close.0336.HK","Close.0338.HK","Close.0340.HK","Close.0342.HK","Close.0346.HK","Close.0347.HK","Close.0353.HK","Close.0358.HK","Close.0370.HK","Close.0384.HK","Close.0386.HK","Close.0408.HK","Close.0431.HK","Close.0467.HK","Close.0476.HK","Close.0509.HK","Close.0546.HK","Close.0549.HK"
2008-01-01,0.99,0.986455794357398,4.12901196036029,26.8379559249722,5.38,34.9559842716791,40.8,6.90973171065834,1.58485461879015,4.91907516277851,6.45997725332434,2.67448328291126,0.64,0.565698903529085,1.44,19.8663278420933,3.85,15.9004170022947,0.625,3.16020996491111,6.34418546158103,3.86220725387238,0.52,1.28,2,0.256392661841857,0.491561563460042,0.6
2008-01-02,1,0.96818809446189,4.13728653342715,26.9551404170791,5.38,34.3079011333861,40.96,7.10877748010118,1.56324296489755,4.9572815718098,6.48482331968328,2.61344735736764,0.62,0.54745055180234,1.43,20.1897331790577,3.95,15.7508833000788,0.605,3.21614288464405,6.2790000981058,3.88286076859897,0.48,1.3,2,0.256392661841857,0.505807641430818,0.62
2008-01-03,0.97,0.977321944409644,4.22003226409569,26.4570916760983,5.4,32.5256725030804,40.08,7.00451541039303,1.57044684952842,4.89042035600504,6.25292670033317,2.53021654980816,0.59,0.565698903529085,1.42,20.3283354663281,4.2,15.2025930586203,0.63,3.17885427148876,6.05087033675593,3.84843824405466,0.475,1.41,1.92,0.353407468993411,0.512934463230325,0.62
2008-01-04,0.95,0.977321944409644,4.39379829849963,27.2481426660205,5.46,34.0243647603829,39.568,7.88600381792557,1.56324296489755,4.98593637858327,6.70015589479409,2.55241143182402,0.61,0.565698903529085,1.43,20.4669377535985,4.55,16.7810043597886,0.63,3.15088781162229,6.35504335188909,3.92416779805215,0.455,1.42,1.95,0.318764142517526,0.619791396453504,0.63
2008-01-07,0.93,0.959054244514137,4.30277799476423,27.4825116502343,5.42,33.0522400529434,31.6,8.13244143723575,1.47679634932718,4.89997195826287,6.51795140816186,2.50247294728833,0.62,0.565698903529085,1.42,19.9125286045168,4.35,16.4320923879514,0.67,3.12292135175582,6.11605026857018,3.92416779805215,0.405,1.34,1.8,0.339543391893519,0.577053162541175,0.62
2008-01-08,0.9,0.949920394566383,4.38552372543278,27.4825116502343,5.24,33.4167868182332,27.12,7.81017685813783,1.39755361838768,4.99548798084109,6.12869636853847,2.48027806527247,0.63,0.565698903529085,1.41,19.4967217427056,4.4,15.6678090210699,0.65,3.12292135175582,6.06173909038596,3.9723593324142,0.46,1.35,1.78,0.339543391893519,0.548553440971385,0.63
2008-01-09,0.88,0.977321944409644,4.39379829849963,26.6914548005015,5.21,34.1458803488129,27.2,7.74382826832355,1.44077692617286,5.20562323051318,6.08728625794024,2.47472934476851,0.64,0.556574727665712,1.42,20.2359339414811,4.15,17.0717643363196,0.66,3.08563273860052,6.24641013219867,3.88974527350784,0.425,1.32,1.79,0.332619786480496,0.520061285029832,0.6
2008-01-10,0.86,1.02299119414841,4.26140512942996,25.6659586488279,5.24,33.7408283873798,36.16,7.00451541039303,1.42636915691113,5.11965881019278,6.14526041277777,2.45808318325661,0.63,0.565698903529085,1.41,19.9587293669403,4.45,17.4871357313638,0.645,3.06698843202288,5.82273514374508,3.91039878823443,0.455,1.34,1.73,0.318764142517526,0.527180541201102,0.61
2008-01-11,0.81,0.977321944409644,4.10418824115973,24.9042184314589,5.26,33.0522400529434,35.152,6.6253806114543,1.44077692617286,5.07190079890367,6.00446603674377,2.41924768844936,0.66,0.565698903529085,1.41,19.4967217427056,4.35,16.9886900573107,0.64,2.96444474584582,5.70324403374662,3.8966297784167,0.46,1.31,1.7,0.29797646000461,0.520061285029832,0.62
2008-01-14,0.76,0.986455794357398,3.88904934142152,23.7908485602316,5.18,32.4041569146504,33.6,6.50216180179921,1.433573041542,4.92862676503633,5.92992783766696,2.35820066546473,0.63,0.54745055180234,1.41,19.2195171681647,4.2,16.7394672202841,0.625,2.75003522020288,5.41536600156702,3.91039878823443,0.375,1.31,1.7,0.29797646000461,0.512934463230325,0.62
2008-01-15,0.71,1.01385734420066,3.89732391448837,22.9118535330286,5.22,31.310516618781,32,6.97608030047262,1.433573041542,4.82355914020029,5.75600537315438,2.29161601941715,0.62,0.54745055180234,1.31,18.8499110687769,4.1,16.9886900573107,0.59,2.66613584060347,5.21439997680075,3.92416779805215,0.46,1.18,1.56,0.308366084692607,0.477315485489265,0.6
2008-01-16,0.65,0.940786544618629,3.45877154194509,20.5679292984671,5.02,28.7586892617523,30.08,6.71068594121551,1.36873807986422,4.39373703859828,5.59864695288109,2.16400099654645,0.58,0.538326375938968,1.21,17.426927586134,3.75,16.2825586857354,0.555,2.64749153402583,4.8287466152388,3.83466923423693,0.33,1.16,1.3,0.249469056428833,0.455942585718982,0.58
2008-01-17,0.67,0.922518844723122,3.55806641874735,20.0405580653119,5,29.4877827923319,29.6,6.30311603235638,1.36873807986422,4.59432068601255,5.88023570494908,2.21393948108214,0.57,0.538326375938968,1.23,17.001880571838,3.8,17.0302271968151,0.575,2.52630354127112,5.08403468151127,3.88286076859897,0.385,1.25,1.55,0.291035988317742,0.477315485489265,0.57
2008-01-18,0.62,0.922518844723122,3.4753206880788,19.2201904430259,4.77,30.2978867151981,29.44,6.22728907256863,1.41916527228027,4.56566587923909,5.74772335103473,2.19174459906628,0.6,0.54745055180234,1.21,17.0203608768074,3.8,17.0302271968151,0.59,2.44240416167171,5.0405813936351,3.86909175878125,0.45,1.33,1.4,0.294510440729637,0.470188663689758,0.56
2008-01-21,0.63,0.885983444932107,3.32637837287543,19.3960081998604,4.89,28.596668477179,27.2,5.82919753368297,1.4119613876494,4.37463383408264,5.60692897500074,2.1085082427863,0.59,0.538326375938968,1.18,16.0593850183992,3.7,17.0302271968151,0.56,2.15341740971819,4.54630024404373,3.80713121460148,0.355,1.3,1.38,0.280646363629745,0.455942585718982,0.52
2008-01-22,0.55,0.767243395611309,3.02021916940182,17.901692042411,4,27.300502200593,24.4,5.54484643447892,1.36873807986422,4.22180819795748,5.085161581463,1.90321113286008,0.51,0.510953848348851,0.96,13.8602287270419,2.85,17.0302271968151,0.465,1.96697434394172,4.13892567020469,3.78647769987488,0.31,1.24,1,0.256392661841857,0.434569685948699,0.48
2008-01-23,0.54,0.785511095506817,3.26018178834059,19.4838760596035,4.05,30.6219282843447,25.792,5.37423577495649,1.22466038724693,4.20270499344184,4.88639305059149,2.06412402747508,0.58,0.492705496622106,0.99,14.5624803158787,3,13.7903303154698,0.455,2.09748448998525,4.89392654705305,3.64878760169762,0.31,1.22,1.1,0.270248305804826,0.448815763919475,0.48
2008-01-24,0.52,0.748975695715802,3.04504288860238,19.3373749351328,4,30.4599074997714,27.84,5.8481542736299,1.26788369503212,4.21225659569966,4.88639305059149,1.96979577890767,0.58,0.474457144895361,0.99,14.1928742164909,3.1,12.6272904093459,0.45,2.28392755576172,4.60604851487346,3.64878760169762,0.45,1.3,0.98,0.266782286529853,0.434569685948699,0.52
2008-01-25,0.55,0.767243395611309,3.22708349607317,19.923373573205,3.9,32.5256725030804,28.608,6.28415929240944,1.3111070028173,4.3173242205357,5.23423797961664,2.07522146848301,0.61,0.456208793168617,1,15.0614485500522,3.1,13.5411074784432,0.495,2.22799463602878,5.06230803757319,3.67632562133307,0.48,1.28,0.96,0.25985868111683,0.448815763919475,0.49
2008-01-28,0.54,0.730707995820295,3.08641575393665,19.3960081998604,3.8,31.1079906380644,28.8,5.94293797336458,1.34712642597163,4.16449858441055,5.71459526255614,1.99199066092353,0.58,0.465332969031989,0.99,14.0450317767358,3,12.7768241115618,0.49,2.02290726367466,4.80701997130072,3.54552002806467,0.335,1.29,0.9,0.25985868111683,0.441696507748206,0.47
2008-01-29,0.54,0.721574145872541,3.00367002326811,18.5463239452107,3.6,31.5940529917842,29.36,6.2083323326217,1.39755361838768,4.17405018666837,5.73115930679544,1.96979577890767,0.61,0.474457144895361,0.99,13.7308665922561,2.95,12.7768241115618,0.475,2.0788401834076,4.8287466152388,3.44225245443171,0.38,1.31,0.9,0.266782286529853,0.434569685948699,0.5
2008-01-30,0.53,0.666771046186019,2.94574801180013,17.6087659710072,3.2,30.9459698534912,28.4,5.98085145325846,1.433573041542,4.04987935731668,5.73115930679544,1.93095473537991,0.6,0.465332969031989,0.91,13.0655756133581,2.8,11.962696177275,0.45,2.12545094985172,4.52457360010565,3.55240453297353,0.33,1.29,0.89,0.256392661841857,0.434569685948699,0.47
2008-01-31,0.53,0.657637196238265,3.02849374246867,18.9271940538952,3,31.1484958342077,28.08,5.86711101357684,1.49840800321978,3.91615692570716,5.86367166070978,1.95869278917923,0.6,0.474457144895361,0.81,12.7883710388173,2.7,11.4310207916183,0.445,2.02290726367466,4.45938823663042,3.58682705751785,0.46,1.25,0.85,0.245994604016938,0.427442864149192,0.48
2008-02-01,0.53,0.675904896133772,3.08641575393665,17.5208219337265,2.61,32.606682895367,28.4,6.416856472038,1.58485461879015,4.08808576634797,5.64005706347932,2.03083170445129,0.6,0.501829672485478,0.83,13.91566964195,2.55,12.0457704562839,0.45,2.16273956300701,4.75270336145551,3.60748057224444,0.455,1.27,0.86,0.252926642566884,0.434569685948699,0.47
2008-02-04,0.56,0.712440295924787,3.16916148460519,18.9858214588121,3.26,33.9433543680963,31.2,6.58746713156042,1.80097115771608,4.22180819795748,6.17010647913671,2.13070867352266,0.64,0.501829672485478,0.9,14.7842439755113,2.75,13.2254252182096,0.455,2.26528324918407,5.10032966446483,3.64878760169762,0.35,1.26,0.85,0.263324700391803,0.455942585718982,0.455
2008-02-05,0.55,0.703306445977034,3.22708349607317,19.6010605517104,3.8,34.2268907410995,32.8,6.68225083129511,1.72893231140743,4.33642742505135,5.83882559435084,2.12515440429819,0.73,0.510953848348851,0.97,14.8766455003583,2.85,12.8432835347689,0.45,2.24663894260642,5.20353122317072,3.75205517533057,0.44,1.28,0.86,0.252926642566884,0.448815763919475,0.455
2008-02-06,0.55,0.712440295924787,3.13606319233778,20.8022982826809,3.9,32.2826413262205,32.8,6.39789973209106,1.67850511899138,4.04032775505886,5.79741548375261,2.00309365065196,0.72,0.492705496622106,0.95,14.3776772661848,2.85,12.0956150236892,0.435,2.26528324918407,4.76356125176357,3.71763265078625,0.44,1.27,0.82,0.249469056428833,0.441696507748206,0.47
2008-02-07,0.55,0.712440295924787,3.13606319233778,20.8022982826809,3.72,32.2826413262205,32.8,6.39789973209106,1.62087404194447,3.96391493699628,5.79741548375261,1.95869278917923,0.72,0.492705496622106,0.91,13.675425677348,2.7,12.0956150236892,0.435,2.26528324918407,4.70925007357935,3.71763265078625,0.44,1.22,0.82,0.245994604016938,0.427442864149192,0.455
2008-02-08,0.55,0.712440295924787,3.13606319233778,20.8022982826809,3.72,32.2826413262205,32.8,6.39789973209106,1.62087404194447,3.96391493699628,5.79741548375261,1.95869278917923,0.72,0.492705496622106,0.91,13.675425677348,2.7,12.0956150236892,0.435,2.26528324918407,4.70925007357935,3.71763265078625,0.44,1.22,0.82,0.245994604016938,0.427442864149192,0.455
2008-02-11,0.57,0.666771046186019,3.11123947313721,20.8609315474084,3.9,30.8244542650612,32.752,6.03772167309927,1.74334008066916,3.86839891441805,5.67318515195791,1.96979577890767,0.74,0.510953848348851,0.95,13.4906226276541,2.85,11.8796218982662,0.43,2.21867248273995,4.55172647336727,3.76582418514829,0.44,1.27,0.8,0.242528584741965,0.427442864149192,0.47
2008-02-12,0.57,0.657637196238265,3.22708349607317,21.6226659049669,3.84,31.189001030351,31.792,6.36946462217066,1.81537892697781,3.93526013022281,5.67318515195791,1.9642470584037,0.73,0.510953848348851,0.96,13.4721423226847,2.85,12.2949932933104,0.46,2.16273956300701,4.63320681979606,3.78647769987488,0.44,1.23,0.78,0.239070998603914,0.434569685948699,0.45
2008-02-13,0.57,0.666771046186019,3.21053434993947,20.5093722112771,3.15,31.5535477956409,32.208,6.81494801092366,1.69291288825311,4.03077615280103,5.67318515195791,1.99753938142749,0.72,0.510953848348851,0.96,13.8047878121337,2.9,12.4611418513281,0.445,2.20935032945113,4.6929496589648,3.78647769987488,0.43,1.22,0.87,0.228672940778995,0.434569685948699,0.455
2008-02-14,0.55,0.685038746081526,3.26845636140745,21.4469301854806,3.34,33.0117348568001,32.592,7.08982074015424,1.58485461879015,4.24091140247313,5.54895482016321,2.03638597367576,0.72,0.520078024212223,1.04,15.3016925146542,2.8,13.0925063717954,0.455,2.25596109589525,4.93737983492921,3.80024670969261,0.45,1.22,0.8,0.242528584741965,0.441696507748206,0.49
2008-02-15,0.54,0.703306445977034,3.43394782274453,21.0659838992585,3.45,33.7003231912364,34.96,6.8339047508706,1.58485461879015,4.39373703859828,5.53239077592392,2.06412402747508,0.81,0.520078024212223,1.14,16.0593850183992,2.85,13.7571006038663,0.46,2.28392755576172,5.00799142772798,3.75205517533057,0.45,1.19,0.81,0.242528584741965,0.441696507748206,0.48
2008-02-18,0.54,0.730707995820295,3.48359526114566,20.8316149150447,3.52,32.9307244645135,35.008,6.68225083129511,1.59205850342101,4.32687582279353,5.63177504135968,2.05857530697111,0.93,0.538326375938968,1.23,16.1887471531849,3,13.6241817574521,0.465,2.32121616891701,4.91565319099113,3.75893968023943,0.36,1.19,0.91,0.242528584741965,0.448815763919475,0.495
2008-02-19,0.53,0.758109545663556,3.58289013794791,20.9487994071516,3.51,33.7003231912364,34.272,6.69172920126857,1.66409734972966,4.45104665214522,5.60692897500074,2.10296507100283,1.23,0.565698903529085,1.28,17.2051639265013,3.2,13.9564788734875,0.545,2.37714908864995,4.98083312280538,3.75893968023943,0.455,1.19,0.89,0.249469056428833,0.463061841890252,0.5
2008-02-20,0.68,0.767243395611309,3.55806641874735,20.4507448063602,3.58,32.8902192683702,33.6,6.85286149081754,1.66409734972966,4.4032886408561,5.51582673168463,2.00863682243542,1.21,0.556574727665712,1.21,16.7985972171747,3.05,14.2721611337212,0.505,2.31189401562819,4.73640837850195,3.77959319496602,0.54,1.19,0.89,0.263324700391803,0.463061841890252,0.5
2008-02-21,0.62,0.748975695715802,3.60771385714847,20.2163758221464,3.6,33.2142608375167,33.632,6.89077497071141,1.58485461879015,4.44149504988739,5.54895482016321,2.00309365065196,1.2,0.593071431119202,1.22,17.2606048414095,2.95,15.1859782028186,0.515,2.31189401562819,4.67122301502672,3.78647769987488,0.54,1.17,0.93,0.252926642566884,0.455942585718982,0.5
2008-02-22,0.61,0.730707995820295,3.61598843021533,19.5717439193467,3.4,33.0117348568001,33.52,7.00451541039303,1.59205850342101,4.46059825440304,5.46613459896675,1.99753938142749,1.21,0.583947255255829,1.18,17.4638881960727,2.85,15.7010387326735,0.48,2.33053832220583,4.57889564161184,3.78647769987488,0.5,1.19,0.96,0.249469056428833,0.455942585718982,0.49
2008-02-25,0.58,0.739841845768048,3.64081214941589,19.1322464057452,3.4,33.2952712298033,32.8,7.0424288902869,1.72893231140743,4.65163029955949,5.43300651048816,1.99199066092353,1.04,0.574823079392457,1.19,18.3509428346034,2.95,15.3853564724398,0.515,2.25596109589525,4.52999982942918,3.80024670969261,0.5,1.14,1.25,0.242528584741965,0.448815763919475,0.5
2008-02-26,0.65,0.721574145872541,3.59116471101476,20.0112472927587,3.46,33.8623439758097,32.912,6.91921008063181,1.57044684952842,4.75669792439553,5.43300651048816,2.01418554293939,1.1,0.565698903529085,1.2,19.2195171681647,2.85,14.9035256541885,0.51,2.28392755576172,4.52999982942918,3.81401571951034,0.4,1.18,1.2,0.242528584741965,0.448815763919475,0.52
2008-02-27,0.63,0.730707995820295,3.59943928408162,20.2456162769725,3.5,34.3079011333861,32.992,7.10877748010118,1.54883519563583,4.91907516277851,5.59036493076145,2.06412402747508,1.08,0.565698903529085,1.2,19.542922505129,3,15.3853564724398,0.575,2.3585047820723,4.76899834440907,3.82778472932806,0.395,1.19,1.18,0.249469056428833,0.455942585718982,0.5
2008-02-28,0.61,0.748975695715802,3.64081214941589,20.5093722112771,3.4,34.7939634871059,32.528,7.39312857930523,1.52722354174323,4.94772996955198,5.52410875380427,2.1085082427863,1.11,0.565698903529085,1.21,19.7739263172464,3,15.7841130116823,0.575,2.40511554851642,4.89935820803757,3.84155373914579,0.43,1.19,1.13,0.256392661841857,0.455942585718982,0.49
2008-02-29,0.6,0.748975695715802,3.63253757634903,20.6265625631946,3.25,34.8344686832492,33.088,7.48791227903991,1.54883519563583,4.75669792439553,5.54895482016321,2.0918620812744,1.17,0.565698903529085,1.25,19.4505209802821,3,15.5348901746558,0.72,2.42375985509407,4.79073042000814,3.80024670969261,0.43,1.19,1.08,0.291035988317742,0.455942585718982,0.495
2008-03-03,0.56,0.739841845768048,3.54151727261364,20.8022982826809,3.1,33.25476603366,32.64,7.23199628975626,1.5128157724815,4.65163029955949,5.43300651048816,2.02528298394732,1.24,0.565698903529085,1.3,18.9423125936239,3,15.0364445006026,0.835,2.40511554851642,4.60061142222795,3.78647769987488,0.38,1.18,1.08,0.280646363629745,0.455942585718982,0.53
2008-03-04,0.56,0.748975695715802,3.41739867661082,19.4545594272398,3.05,32.4041569146504,33.2,7.12773422004811,1.50561188785064,4.38418543634046,5.50754470956498,1.92540046615544,1.22,0.556574727665712,1.39,18.2955019196953,2.8,14.6044582497566,0.735,2.31189401562819,4.39964539746167,3.77270869005716,0.385,1.17,1.04,0.270248305804826,0.448815763919475,0.48
2008-03-05,0.55,0.785511095506817,3.19398520380576,19.0736893185553,3.01,31.9180945609307,33.12,6.74859942110939,1.46238858006545,4.29822101602006,5.06859753722371,1.94204662766734,1.15,0.54745055180234,1.4,17.5193291109809,2.47,14.2057017105141,0.825,2.26528324918407,4.37248709253907,3.80024670969261,0.4,1.16,1,0.266782286529853,0.448815763919475,0.5
2008-03-06,0.56,0.758109545663556,3.28500550754115,20.5093722112771,3,32.5661776992237,33.12,6.82442638089713,1.42636915691113,4.42239184537175,5.21767393537735,1.94760089689181,1.17,0.54745055180234,1.46,17.4638881960727,2.7,14.3884651243336,0.755,2.33986047549466,4.45396200730688,3.85532274896352,0.4,1.16,0.99,0.294510440729637,0.455942585718982,0.45
2008-03-07,0.51,0.739841845768048,3.24363264220688,20.6265625631946,3.08,30.9864750496345,33.12,6.54007528169308,1.41916527228027,4.28866941376224,5.36675033353099,1.87546198161975,1.11,0.538326375938968,1.45,16.5398729476033,2.5,14.2555462779194,0.755,2.15341740971819,4.10633027263658,4.20643249931555,0.38,1.14,0.97,0.277180344354772,0.441696507748206,0.465
2008-03-10,0.475,0.721574145872541,3.2767309344743,19.6889284114536,2.8,31.5535477956409,33.12,6.70120757124204,1.44077692617286,4.27911781150442,5.06859753722371,1.88656497134819,1.07,0.520078024212223,1.45,15.9115425786441,3.1,14.1558571431088,0.76,2.14409525642937,4.09547238232852,3.99301284714079,0.43,1.13,1.02,0.266782286529853,0.441696507748206,0.46
2008-03-11,0.465,0.712440295924787,3.34292751900913,21.183244568903,2.75,31.8775893647874,32.4,6.60642387150736,1.47679634932718,4.25046300473095,5.24252000173629,1.81443160479664,1.01,0.501829672485478,1.43,16.1702668482155,3.1,13.923249161884,0.745,2.16273956300701,4.07374573839044,4.09628042077374,0.43,1.14,1,0.266782286529853,0.441696507748206,0.43
2008-03-12,0.46,0.730707995820295,3.41739867661082,21.2711124286461,3,32.2016309339339,32.992,6.72964268116245,1.36873807986422,4.26001460698877,5.23423797961664,1.85882136882836,1.04,0.510953848348851,1.43,16.5398729476033,3.1,13.7571006038663,0.74,2.19070602287348,4.15522608481923,4.06185789622942,0.38,1.12,1.01,0.273722758216721,0.434569685948699,0.48
2008-03-13,0.445,0.69417259602928,3.40084953047711,20.685113790574,2.9,29.9738451460516,32.208,6.4452915819584,1.41916527228027,4.11674057312143,5.21767393537735,1.71455463572527,0.99,0.501829672485478,1.4,15.9669834935522,3.1,13.1423509392007,0.65,2.03222941696349,3.80216812082539,3.96547482750533,0.4,1.12,0.98,0.270248305804826,0.434569685948699,0.45
2008-03-14,0.43,0.648503346290511,3.45049696887824,19.0736893185553,2.7,29.7713191653351,31.952,6.45476995193187,1.4119613876494,4.06898256183232,5.15141775842018,1.62023193587836,0.92,0.510953848348851,1.42,15.1168894649603,3.1,12.8765132463724,0.665,1.9576521906529,3.61748621569071,4.0274353716851,0.36,1.1,0.97,0.263324700391803,0.427442864149192,0.42
2008-03-17,0.335,0.611967946499497,3.12778861927092,17.7259563229247,2.75,27.8270697504561,29.392,5.97137308328499,1.4119613876494,3.7155732782929,4.68762451971997,1.42602116951907,0.81,0.520078024212223,1.35,14.5070394009705,3.1,12.0623853120856,0.6,1.80849773803173,3.33503984449564,4.11004943059147,0.36,0.96,0.94,0.245994604016938,0.406069964378909,0.41
2008-03-18,0.36,0.611967946499497,2.96229715793384,16.7004543114405,2.25,26.6524190623,28.608,5.73441383394828,1.29669923355558,3.66781526700378,4.54683014368598,1.48150837455872,0.73,0.520078024212223,1.34,14.4331181810929,3.1,11.9294664656715,0.59,1.70595405185467,3.43824140320153,3.95859032259647,0.4,0.97,0.91,0.225215354640944,0.384697064608625,0.38
2008-03-19,0.355,0.630235646395004,3.00367002326811,17.579455198454,2.15,26.9764606314465,28.848,6.06615678301967,1.36873807986422,3.77288289183983,4.69590654183961,1.46486221304683,0.9,0.510953848348851,1.4,14.6918424506644,3.1,12.4445269955264,0.595,1.64069897883291,3.5631696058455,3.95859032259647,0.39,0.99,0.94,0.232138960053968,0.377577808437356,0.4
2008-03-20,0.335,0.602834096551743,2.9871208771344,16.7883221711836,1.9,25.7207995510038,29.2,5.39319251490343,1.29669923355558,3.53409283539427,4.72075260819855,1.35943097475099,0.88,0.520078024212223,1.4,14.2298348264296,2.65,11.5639396380325,0.6,1.63137682554408,3.36219814941824,3.92416779805215,0.35,0.98,0.92,0.232138960053968,0.356204908667072,0.38
2008-03-21,0.335,0.602834096551743,2.9871208771344,16.7883221711836,1.9,25.7207995510038,29.2,5.39319251490343,1.29669923355558,3.47678322184734,4.72075260819855,1.33724719017613,0.88,0.465332969031989,1.36,13.7493468972255,2.3,11.5639396380325,0.6,1.63137682554408,3.28071780298945,3.92416779805215,0.35,0.94,0.91,0.207885258266079,0.356204908667072,0.38
2008-03-24,0.335,0.602834096551743,2.9871208771344,16.7883221711836,1.9,25.7207995510038,29.2,5.39319251490343,1.29669923355558,3.47678322184734,4.72075260819855,1.33724719017613,0.88,0.465332969031989,1.36,13.7493468972255,2.3,11.5639396380325,0.6,1.63137682554408,3.28071780298945,3.92416779805215,0.35,0.94,0.91,0.207885258266079,0.356204908667072,0.38
2008-03-25,0.35,0.62110179644725,3.01194459633496,17.0520839652989,2,26.8549450430165,29.392,5.8197191637095,1.29669923355558,3.65826366474596,4.88639305059149,1.48150837455872,0.93,0.529202200075595,1.39,15.6897789190114,2.45,12.1953041584998,0.65,1.63137682554408,3.65550784258235,3.99301284714079,0.33,0.98,0.91,0.232138960053968,0.384697064608625,0.42
2008-03-26,0.365,0.611967946499497,3.02021916940182,17.5208219337265,2.06,27.2599970044497,28.64,5.79128405378909,1.29669923355558,3.79198609635547,4.96921327178795,1.52035496680699,0.89,0.529202200075595,1.44,16.2257077631237,2.49,11.9128516098697,0.62,1.63137682554408,3.63377576698329,4.0274353716851,0.325,0.98,0.89,0.228672940778995,0.377577808437356,0.46
2008-03-27,0.405,0.639369496342758,2.95402258486698,17.4329540739833,2.32,26.4498930815834,28.608,5.99032982323193,1.3327186567099,3.8015376986133,5.01890540450583,1.58693406413406,0.88,0.510953848348851,1.43,16.2811486780318,2.46,11.5971693496361,0.615,1.78985343145408,3.52514797895386,3.96547482750533,0.3,0.94,0.9,0.228672940778995,0.377577808437356,0.4
2008-03-28,0.395,0.648503346290511,3.01194459633496,16.4074520624991,2.39,27.2194918083064,28.8,6.35050788222372,1.3327186567099,4.01167294828539,5.38331437777028,1.5813853436301,0.96,0.510953848348851,1.46,16.3550698979094,2.41,12.328223004914,0.65,1.78985343145408,3.7206877743966,3.97924383732306,0.31,1,0.95,0.232138960053968,0.384697064608625,0.45
2008-03-31,0.39,0.657637196238265,2.95402258486698,16.1437723057321,2.29,26.3283774931535,29.04,6.93816682057875,1.40475750301854,3.87795051667588,5.30049415657382,1.48705709506269,0.93,0.501829672485478,1.25,16.3550698979094,2.37,12.1953041584998,0.675,1.7991755847429,3.6120491230452,3.95170581768761,0.305,0.97,0.93,0.239070998603914,0.391823886408132,0.45
2008-04-01,0.405,0.657637196238265,2.9871208771344,15.821453424427,2.33,26.8954502391599,28.4,6.87181823076447,1.36873807986422,3.86839891441805,5.26736606809523,1.48705709506269,1.04,0.501829672485478,1.27,16.3735502028788,2.37,12.178689302698,0.685,1.94833003736408,3.69896113045852,3.95859032259647,0.3,0.96,0.94,0.239070998603914,0.391823886408132,0.45
2008-04-02,0.405,0.657637196238265,3.09469032700351,16.2023997106491,2.33,26.8954502391599,29.312,6.76755616105632,1.36873807986422,3.9734665392541,5.30049415657382,1.53700112831888,1.05,0.483581320758734,1.28,17.1682033165625,2.45,12.4943715629317,0.635,1.94833003736408,3.94339130642293,3.94482131277874,0.32,0.98,0.94,0.249469056428833,0.391823886408132,0.45
2008-04-03,0.405,0.648503346290511,3.2767309344743,16.8176388035474,2.38,27.7055541620261,28.24,6.96660193049915,1.29669923355558,4.07853416409014,5.36675033353099,1.63687809739026,1.02,0.501829672485478,1.49,17.5562897209197,2.48,13.1755806508043,0.64,1.93900788407525,4.04115577248332,3.99301284714079,0.35,0.98,0.95,0.245994604016938,0.391823886408132,0.41
2008-04-04,0.405,0.648503346290511,3.2767309344743,16.8176388035474,2.35,27.7055541620261,28.24,6.96660193049915,1.29669923355558,3.96391493699628,5.36675033353099,1.49815453607062,1.02,0.465332969031989,1.29,16.8170775221441,2.39,13.1755806508043,0.64,1.93900788407525,3.92165923082386,3.99301284714079,0.35,0.94,0.95,0.242528584741965,0.384697064608625,0.41
2008-04-07,0.405,0.657637196238265,3.31810379980857,16.7590875761681,2.4,28.7586892617523,29.36,7.08982074015424,1.29669923355558,4.19315339118401,5.34190426717205,1.64242126917372,1,0.501829672485478,1.49,18.0737382600626,2.6,13.6740263248574,0.645,1.9576521906529,4.13892567020469,3.98612834223192,0.35,0.98,0.93,0.245994604016938,0.398950708207639,0.44
2008-04-08,0.405,0.648503346290511,3.1857106307389,17.4622707063471,2.3,28.1916165157459,29.68,6.6538157213747,1.42636915691113,4.15494698215272,5.35846831141134,1.58693406413406,0.99,0.501829672485478,1.49,18.2215806998177,2.55,13.923249161884,0.59,1.98561865051937,3.94881753574647,3.98612834223192,0.35,0.98,0.93,0.235604979328941,0.391823886408132,0.41
2008-04-09,0.465,0.648503346290511,2.95402258486698,17.3743208092558,2.1,27.0574710237331,29.952,6.47372669187881,1.34712642597163,4.04032775505886,5.09344360358265,1.51480069758252,1,0.501829672485478,1.49,17.5378094159503,2.55,13.3915737762273,0.58,1.92968573078643,3.80216812082539,4.03431987659397,0.34,0.98,0.94,0.235604979328941,0.384697064608625,0.41
2008-04-10,0.43,0.639369496342758,2.95402258486698,16.9641399280181,2.01,27.5840385735962,30.128,6.63485898142777,1.30390311818644,4.06898256183232,5.30049415657382,1.53144685909441,1.01,0.492705496622106,1.49,18.1106988700014,2.55,14.0063234408928,0.61,1.9576521906529,3.74241441833468,4.06185789622942,0.34,0.98,0.94,0.235604979328941,0.398950708207639,0.39
2008-04-11,0.425,0.639369496342758,2.85472770806473,17.5501385660903,2.25,28.1511113196026,30.8,6.61590224148083,1.29669923355558,4.20270499344184,5.36675033353099,1.57583107440563,0.99,0.483581320758734,1.49,18.2215806998177,2.55,14.35523541273,0.62,1.97629649723055,3.88906926491674,3.98612834223192,0.34,0.99,0.95,0.235604979328941,0.434569685948699,0.39
2008-04-14,0.39,0.611967946499497,2.82162941579731,16.9641399280181,2.24,26.7739346507299,31.44,6.16094048275435,1.29669923355558,3.9734665392541,5.25080202385594,1.53700112831888,0.99,0.492705496622106,1.6,17.6117306358279,2.55,13.7903303154698,0.6,1.9576521906529,3.67180282553592,4.0274353716851,0.34,0.97,0.88,0.232138960053968,0.420323607977922,0.405
2008-04-15,0.385,0.630235646395004,2.81335484273046,16.378141289946,2.19,26.4903982777267,32.592,6.43581321198493,1.29669923355558,3.81108930087112,5.28393011233452,1.47595410533426,0.94,0.492705496622106,1.81,16.1148259333073,2.55,13.5244926226415,0.6,1.97629649723055,3.72611943538112,4.09628042077374,0.34,0.96,0.9,0.225215354640944,0.427442864149192,0.4
2008-04-16,0.39,0.630235646395004,2.75543283126248,16.6418972242506,2.1,26.004335924007,34.752,6.68225083129511,1.29669923355558,3.8015376986133,5.30049415657382,1.51480069758252,0.85,0.492705496622106,1.81,15.7452198339196,2.55,13.3915737762273,0.59,1.97629649723055,3.7478460793192,3.99301284714079,0.475,0.95,0.92,0.228672940778995,0.413196786178415,0.39
2008-04-17,0.385,0.62110179644725,2.80508026966361,16.7590875761681,2.05,26.53090347387,36.208,6.29363766238291,1.26067981040125,3.85884731216023,5.32534022293275,1.54809302060631,0.86,0.520078024212223,1.78,16.003944103491,2.55,14.0063234408928,0.595,2.00426295709702,3.97597584066907,4.06185789622942,0.375,0.95,0.95,0.221740902229049,0.406069964378909,0.38
2008-04-18,0.385,0.584566396656236,2.82162941579731,16.6711376790767,2.04,26.4498930815834,37.6,5.6396301342136,1.22466038724693,4.01167294828539,5.21767393537735,1.52589813859045,0.86,0.492705496622106,1.78,15.671298614042,2.55,14.0063234408928,0.615,2.01358511038584,3.99227082362263,3.88974527350784,0.38,0.94,0.92,0.218283316090998,0.406069964378909,0.37
2008-04-21,0.39,0.630235646395004,2.97884630406755,17.0520839652989,2.04,27.0574710237331,37.568,4.99510097601776,1.20304873335434,4.16449858441055,5.21767393537735,1.60358022564596,0.83,0.483581320758734,1.78,16.1517865432461,3,14.4050799801353,0.61,2.13477310314054,4.07374573839044,3.88974527350784,0.45,0.91,0.91,0.225398268665438,0.420323607977922,0.37
2008-04-22,0.39,0.630235646395004,3.11951404620407,18.1653776589886,2.05,28.3536373003191,37.6,5.30788718514221,1.22466038724693,4.39373703859828,5.225955957497,1.72564652801269,0.83,0.501829672485478,1.78,16.7246759972972,2.75,14.9201405099902,0.595,2.09748448998525,4.26385387284866,4.0274353716851,0.45,0.87,0.95,0.235967830742888,0.363331730466579,0.38
2008-04-23,0.395,0.62110179644725,3.12778861927092,18.7806929294245,2,29.0017204386121,38.752,5.56380317442586,1.22466038724693,4.48925306117651,5.19282786901841,1.76449312026095,0.86,0.501829672485478,2.02,17.1312427066237,2.75,16.0333358487089,0.595,2.16273956300701,4.42680370238428,3.95859032259647,0.45,0.85,0.95,0.232444643383738,0.356204908667072,0.39
2008-04-24,0.415,0.648503346290511,3.21880892300632,20.2456162769725,2,30.5004126959147,39.04,5.76284894386869,1.21745650261607,4.76624952665335,5.25908404597558,1.88101625084422,0.91,0.483581320758734,2.15,18.4803049693892,2.8,16.099795271916,0.595,2.21867248273995,4.56259522699729,3.94482131277874,0.34,0.89,0.96,0.232444643383738,0.370450986637849,0.41
2008-04-25,0.4,0.630235646395004,3.06159203473609,21.6749675814768,2,30.3788971074848,39.248,5.88606775352378,1.22466038724693,4.68028510633295,5.67318515195791,1.81998587402111,0.88,0.492705496622106,2.02,18.2585413097565,2.9,15.5016604630522,0.615,2.21867248273995,4.49741529518304,3.8966297784167,0.34,0.92,0.94,0.228930028256605,0.356204908667072,0.39
2008-04-28,0.405,0.62110179644725,3.06986660780294,21.765334234226,2,31.0674854419211,40,5.71545709400135,1.22466038724693,4.6993883108486,5.57380088652215,1.75893885103648,1,0.501829672485478,1.81,18.3509428346034,3,15.3521267608363,0.625,2.22799463602878,4.37248709253907,3.78647769987488,0.34,0.88,0.91,0.225398268665438,0.363331730466579,0.39
2008-04-29,0.425,0.62110179644725,3.19398520380576,21.6148074379449,2.01,30.8192765036368,40.48,5.76284894386869,1.26067981040125,4.71849151536424,5.72287728467579,1.68681103320544,0.95,0.510953848348851,1.71,18.2400610047871,3.2,15.4352010398451,0.625,2.28392755576172,4.47025699026044,3.82778472932806,0.4,0.89,0.89,0.228930028256605,0.363331730466579,0.385
2008-04-30,0.445,0.62110179644725,3.10296490007036,22.2168303314348,2,30.2814904706874,40,5.6396301342136,1.20304873335434,4.79490433342682,5.79741548375261,1.69790847421337,0.96,0.520078024212223,1.71,17.9813367352156,3.1,15.734268444277,0.62,2.26528324918407,4.49198363419852,3.77270869005716,0.4,0.9,0.94,0.235967830742888,0.363331730466579,0.38
2008-05-01,0.445,0.62110179644725,3.10296490007036,24.438553102063,2,30.2814904706874,40,5.6396301342136,1.18864096409261,4.76624952665335,5.79741548375261,1.62023193587836,0.96,0.492705496622106,1.7,17.4638881960727,3.05,15.734268444277,0.6,2.26528324918407,4.4811148805685,3.77270869005716,0.4,0.86,0.94,0.221883653538305,0.356204908667072,0.38
2008-05-02,0.435,0.630235646395004,3.1857106307389,23.6317256206648,2,30.8606446600175,40.64,5.4311059947973,1.23526680319198,5.06234919664585,5.96305592614554,1.83107776630854,0.95,0.520078024212223,1.73,17.9443761252769,3.1,16.0381491653038,0.635,2.2373167893176,4.72011882720937,3.75205517533057,0.4,0.87,0.92,0.235967830742888,0.370450986637849,0.39
2008-05-05,0.44,0.639369496342758,3.30982922674172,23.180229523456,1.95,30.7779083472561,41.36,5.26049533527487,1.23526680319198,5.11010720793496,5.88023570494908,1.81443160479664,1,0.529202200075595,1.73,18.75750954393,3.2,15.7849152311148,0.71,2.21867248273995,4.71468173456387,3.76582418514829,0.4,0.89,0.92,0.239491018102038,0.377577808437356,0.405
2008-05-06,0.455,0.657637196238265,3.40084953047711,21.915861030507,2,30.3228586270681,44.64,5.40267088487689,1.21359545576756,5.14831361696625,5.9547739040259,1.82552904580457,0.98,0.529202200075595,1.71,19.2195171681647,3.05,15.9199733293489,0.65,2.21867248273995,4.63863848078058,3.7451706704217,0.4,0.9,0.9,0.239491018102038,0.384697064608625,0.41
2008-05-07,0.435,0.630235646395004,3.31810379980857,21.6148074379449,2.05,29.2059184047887,47.68,5.4595411047177,1.1558051959691,4.92862676503633,6.16182445701706,1.76449312026095,0.97,0.520078024212223,1.72,18.4803049693892,3,15.3459764118539,0.65,2.15341740971819,4.41594038041524,3.75205517533057,0.4,0.9,0.9,0.232444643383738,0.377577808437356,0.4
2008-05-08,0.435,0.611967946499497,3.28500550754115,21.1331108523498,2.1,28.8749731537429,48.24,5.78180568381562,1.1485814134943,4.82355914020029,6.12869636853847,1.77897992748805,0.96,0.510953848348851,1.71,18.8961118312004,2.9,15.0927424776648,0.65,2.09748448998525,4.25842221186414,3.71763265078625,0.4,0.92,0.91,0.228930028256605,0.377577808437356,0.41
2008-05-09,0.43,0.611967946499497,3.2767309344743,21.2233932134647,1.97,28.5440279026971,48.72,5.79128405378909,1.1558051959691,4.8713171514894,6.12041434641883,1.72103269857965,0.95,0.501829672485478,1.74,19.1809778387059,2.9,14.7719794943588,0.6,2.12545094985172,4.13349400922017,3.71763265078625,0.4,0.92,0.89,0.228930028256605,0.413196786178415,0.4
2008-05-12,0.43,0.611967946499497,3.2767309344743,23.3457722722959,1.97,28.5440279026971,48.72,5.79128405378909,1.12691006606987,4.77580112891118,6.12041434641883,1.69206487884834,0.95,0.492705496622106,1.71,18.8201475625323,2.9,14.8479496746155,0.59,2.12545094985172,4.04115577248332,3.71763265078625,0.4,0.89,0.89,0.221883653538305,0.377577808437356,0.39
2008-05-13,0.425,0.62110179644725,3.21880892300632,20.7116526810898,2.05,29.5368636558344,50.64,5.78180568381562,1.13413384854468,5.44441328695874,6.11213232429918,1.72683321619338,0.94,0.492705496622106,1.7,20.3679195366457,2.75,15.2109183136197,0.595,2.12545094985172,4.16608397512729,3.70386364096852,0.4,0.91,0.95,0.204276288974571,0.398950708207639,0.4
2008-05-14,0.43,0.639369496342758,3.22708349607317,20.4106051093588,2.1,29.2059184047887,54.64,5.66806524413401,1.11246250112026,5.63990388972207,5.85538963859014,1.70944904752086,0.94,0.492705496622106,1.69,20.7002632120688,2.8,15.3797409364124,0.615,2.12545094985172,4.07374573839044,3.71763265078625,0.37,0.9,0.91,0.204276288974571,0.398950708207639,0.4
2008-05-15,0.42,0.648503346290511,3.29328008060801,20.4106051093588,2,29.164550248408,56.16,5.81024079373603,1.13413384854468,5.57148217875491,5.6897491961972,1.71523797568881,0.95,0.483581320758734,1.71,21.5548612345854,2.8,15.4135054609709,0.65,2.22799463602878,4.04115577248332,3.71763265078625,0.38,0.9,0.94,0.207790904101704,0.413196786178415,0.385
2008-05-16,0.425,0.657637196238265,3.31034370796867,22.036265609205,1.96,28.9577094665044,56.24,5.8197191637095,1.19192410834314,5.69855107055107,5.99618401462413,1.8137482648331,0.87,0.483581320758734,1.68,21.7447719062557,2.8,15.4135054609709,0.65,2.20002817616231,4.16608397512729,3.66944111642421,0.38,0.9,1,0.207790904101704,0.420323607977922,0.385
2008-05-19,0.42,0.639369496342758,3.35300277637033,22.909298148477,1.94,29.0818139356465,56.32,5.77232731384216,1.28583328051563,5.81584543220907,6.00446603674377,1.79636409616058,0.87,0.483581320758734,1.58,21.8397272420909,2.8,15.987502378466,0.65,2.55427000113759,4.1171990262666,3.63501859187989,0.35,0.9,0.98,0.200744529383404,0.441696507748206,0.4
2008-05-20,0.42,0.62110179644725,3.40419365845232,23.2403896669879,1.94,28.3785552771743,51.2,5.73441383394828,1.28583328051563,5.7181001308274,5.98790199250448,1.71523797568881,0.89,0.465332969031989,1.65,21.1275622233271,2.05,15.5992103460429,0.655,2.59155861429289,3.94339130642293,3.62813408697103,0.35,0.9,0.98,0.190183539537971,0.427442864149192,0.4
2008-05-21,0.42,0.611967946499497,3.70280713726393,22.608244555915,1.92,28.3371871207935,50.72,5.74389220392175,1.30028084546524,5.9233652637289,6.14526041277777,1.77318520459721,0.87,0.483581320758734,1.61,21.0800845554095,2.12,15.4641522478087,0.65,2.49833708140465,4.1171990262666,3.60748057224444,0.35,0.9,0.92,0.190183539537971,0.434569685948699,0.4
2008-05-22,0.415,0.62110179644725,3.95876154767388,22.9393360744258,1.93,27.7166647750827,51.2,5.59223828434626,1.32195219288966,5.76697278151824,6.14526041277777,1.73262214436133,0.86,0.474457144895361,1.57,20.5103525403984,2.28,15.3290941495746,0.67,2.49833708140465,3.97597584066907,3.67632562133307,0.35,0.88,0.92,0.190183539537971,0.434569685948699,0.395
2008-05-23,0.415,0.611967946499497,3.69427532358359,23.451154877604,1.85,27.5511921495598,52.64,5.59223828434626,1.26416193309121,5.8353944924854,6.4185671427261,1.77318520459721,0.85,0.483581320758734,1.56,19.6082768499642,2.35,15.1433892645027,0.655,2.50765923469348,3.93795421377742,3.68321012624193,0.35,0.88,0.93,0.190183539537971,0.463061841890252,0.405
2008-05-26,0.395,0.584566396656236,3.60042537309995,23.3607942456858,1.85,26.9720379602298,52.4,5.40267088487689,1.22804302071717,5.56170764861674,6.21151658973494,1.69206487884834,0.84,0.474457144895361,1.41,19.0860225028708,2.35,14.7550972320795,0.65,2.45172631496054,3.82932099408701,3.64878760169762,0.35,0.88,0.9,0.18666035217882,0.491561563460042,0.39
2008-05-27,0.385,0.584566396656236,3.6686798825426,23.300628081323,1.8,27.3029832112755,54,5.75337057389522,1.24249058566679,5.63012935958391,6.44341320908504,1.70364852990713,0.82,0.465332969031989,1.37,18.8771207640334,2.35,14.7550972320795,0.65,2.45172631496054,3.85647929900962,3.71074814587739,0.35,0.91,0.91,0.214837278820005,0.484434741660535,0.4
2008-05-28,0.385,0.593700246603989,3.58336174573928,22.909298148477,1.8,27.1375105857526,58,5.82919753368297,1.19192410834314,5.51283499792591,6.50138736392257,1.73262214436133,0.81,0.474457144895361,1.36,18.6112458236949,2.35,14.5525100847283,0.65,2.5169813879823,3.88363760393222,3.70386364096852,0.35,0.91,0.89,0.204276288974571,0.470188663689758,0.4
2008-05-29,0.385,0.593700246603989,3.54070267733763,22.487839977217,1.76,27.3029832112755,62,5.75074367951214,1.22804302071717,5.60080576916941,6.57592556299939,1.83692136167357,0.86,0.483581320758734,1.44,18.9910671670356,2.35,14.8901553303136,0.665,2.58223646100406,4.04658743346784,3.6900946311508,0.35,0.92,0.94,0.200744529383404,0.48369754096313,0.43
2008-05-30,0.385,0.593700246603989,3.49804360893597,21.7352120166429,1.78,27.7166647750827,70.8,5.71265928428358,1.30028084546524,5.69855107055107,6.5427974745208,1.86590656557355,0.85,0.501829672485478,1.47,19.9406205253874,2.35,15.1096247399441,0.65,2.58223646100406,4.2692801021722,3.6900946311508,0.35,1.1,0.91,0.200744529383404,0.498134099365945,0.45
2008-06-02,0.4,0.602976812957177,3.51510723629663,23.601681673885,1.73,28.2958189644128,70.72,5.76026477831928,1.28583328051563,5.7181001308274,6.40200309848681,1.86010604795982,0.86,0.501829672485478,1.5,20.4153972045633,2.45,15.6836216574392,0.65,2.56359215442642,4.42680370238428,3.7451706704217,0.35,1.11,0.92,0.207790904101704,0.476475428368626,0.435
2008-06-03,0.4,0.593700246603989,3.47244816789497,22.6684046994468,1.7,27.9235055569863,66.4,5.72218038309072,1.28583328051563,5.57148217875491,6.4185671427261,1.82533771061478,0.83,0.483581320758734,1.48,19.6557545178818,2.28,15.4303877232502,0.625,2.53562569455995,4.2747171948177,3.72451715569511,0.4,1.12,0.91,0.204276288974571,0.469253315774122,0.41
2008-06-04,0.4,0.584423680250802,3.41272547213265,22.6382885026948,1.6,27.5925603059406,67.12,5.6460115926336,1.30028084546524,5.39554063626791,6.28605478881176,1.83692136167357,0.8,0.483581320758734,1.49,19.4183661782939,2.07,15.0589779531063,0.6,2.53562569455995,4.24212722891058,3.75205517533057,0.365,1.2,0.89,0.200744529383404,0.48369754096313,0.4
2008-06-05,0.4,0.565870547544427,3.28474826692768,22.8490537133109,1.69,27.385719524037,69.2,5.52223730814079,1.28583328051563,5.21959909378091,6.27777276669211,1.97020578288579,0.8,0.493830635842252,1.53,18.3453708833564,2.16,14.9408021171514,0.595,2.43308200838289,4.45168444593793,3.75205517533057,0.39,1.21,0.87,0.204276288974571,0.476475428368626,0.4
2008-06-06,0.42,0.575147113897615,3.37006640373099,23.5414432595499,1.7,27.5511921495598,69.6,5.52223730814079,1.30028084546524,5.24892268419541,6.07072221370095,1.99917939734,0.78,0.484513076675417,1.6,17.8895852713475,2.15,14.9408021171514,0.57,2.44240416167171,4.57934565612762,3.75893968023943,0.35,1.27,0.89,0.207790904101704,0.48369754096313,0.4
2008-06-09,0.42,0.575147113897615,3.37006640373099,25.895570125095,1.7,27.5511921495598,69.6,5.52223730814079,1.30028084546524,5.21959909378091,6.07072221370095,1.91225855397739,0.78,0.484513076675417,1.55,17.6616924653431,2.1,14.9661255105703,0.57,2.44240416167171,4.36842351490418,3.75893968023943,0.35,1.21,0.89,0.200744529383404,0.476475428368626,0.4
2008-06-10,0.395,0.528764282131678,3.24208919852602,23.7822524169459,1.71,26.3101474581382,68.96,5.27468873915517,1.2569381506164,4.98501037046492,5.88023570494908,1.80215302432853,0.75,0.475195517508582,1.5,16.4652552338199,2.06,14.1811003145844,0.525,2.25596109589525,4.30736549881276,3.65567210660648,0.35,1.43,0.86,0.204276288974571,0.469253315774122,0.44
2008-06-11,0.39,0.528764282131678,3.24208919852602,22.9393360744258,1.8,26.0619385198539,68.32,5.29373093676945,1.28583328051563,4.98501037046492,5.62349301924003,1.76159575881553,0.73,0.475195517508582,1.65,16.3513088308176,1.96,14.0460422163503,0.53,2.16273956300701,4.19080019536551,3.66944111642421,0.325,1.46,0.88,0.207790904101704,0.440380198968493,0.42
2008-06-12,0.385,0.510211149425303,3.12264380700138,22.1265479703199,1.83,25.6482569560467,67.84,5.1128300594338,1.27138571556601,5.02410849101758,5.69803121831685,1.72103269857965,0.69,0.465877958341747,1.59,15.7625857486395,1.91,13.6577501839271,0.535,2.0788401834076,4.12974217927409,3.75205517533057,0.325,1.46,0.89,0.204276288974571,0.41149941537667,0.38
2008-06-13,0.385,0.491658016718929,3.02879385651773,21.1331108523498,1.9,24.8208938284323,66.48,5.02714017016955,1.24971436814159,4.88726506908325,5.56551886440251,1.69785380701629,0.69,0.465877958341747,1.64,15.2878090694636,1.89,13.2019291023869,0.525,2.1161287965629,4.02983461276233,3.73140166060398,0.345,1.46,0.88,0.197229914256271,0.41149941537667,0.38
2008-06-16,0.375,0.500934583072116,3.11411199332104,21.6749675814768,2.29,25.1932072358588,67.52,4.99857687374813,1.33639975783927,4.95568678005042,5.79741548375261,1.77897992748805,0.71,0.465877958341747,1.71,15.6676304128044,1.95,13.5058098234137,0.58,2.19070602287348,4.16859728042318,3.70386364096852,0.345,1.46,0.86,0.197229914256271,0.404284969568359,0.38
2008-06-17,0.375,0.510211149425303,3.07998473859972,21.8556165953409,2.29,25.5241524869046,67.52,5.33181533199801,1.28583328051563,4.96546131018858,6.21151658973494,1.77897992748805,0.68,0.465877958341747,1.76,15.8195589501406,1.87,13.5733388725308,0.59,2.20002817616231,4.28516258387043,3.73140166060398,0.345,1.46,0.85,0.197229914256271,0.404284969568359,0.385
2008-06-18,0.36,0.528764282131678,3.11411199332104,21.8857388129239,2.29,25.7309932688082,66.08,5.4746318141051,1.28583328051563,5.07298114170842,6.21151658973494,1.86590656557355,0.62,0.465877958341747,1.76,15.7625857486395,1.88,13.9278663803954,0.575,2.14409525642937,4.61820630800544,3.75205517533057,0.33,1.46,0.81,0.200744529383404,0.425943640565678,0.385
2008-06-19,0.33,0.510211149425303,3.01173022915706,20.9825840560688,2.29,24.8208938284323,63.12,5.23660434392662,1.27860949804082,4.90681412935958,6.21151658973494,1.76738468698348,0.61,0.456560399174912,1.76,15.1928537336285,1.89,13.5733388725308,0.565,2.09748448998525,4.43502670900245,3.71763265078625,0.33,1.46,0.7,0.197229914256271,0.425943640565678,0.385
2008-06-20,0.33,0.519487715778491,3.03732567019806,20.9825840560688,2.15,24.7795256720516,61.6,5.52223730814079,1.27860949804082,4.81884335811609,5.96305592614554,1.81953719300105,0.61,0.451901619591495,1.7,15.1168894649603,1.98,13.4213985120174,0.55,2.09748448998525,4.4849832676227,3.65567210660648,0.33,1.46,0.8,0.197229914256271,0.41149941537667,0.385
2008-06-23,0.265,0.500934583072116,3.06292111123905,20.8320572597878,2.05,24.2417396391022,60,5.80787027235497,1.22804302071717,4.47673480328026,5.90508177130802,1.75000051831096,0.63,0.456560399174912,1.74,14.9079877261229,1.97,13.0668710041528,0.545,2.09748448998525,4.37952497237535,3.71763265078625,0.33,1.21,0.78,0.193706726897121,0.418721527971174,0.38
2008-06-24,0.29,0.510211149425303,3.01173022915706,21.072944687987,2,24.4072122646251,62,5.90308126042637,1.1558051959691,4.59402916493826,6.08728625794024,1.65149602388956,0.61,0.447242840008077,1.6,14.7750502559537,1.92,12.830519332243,0.485,2.06019587682996,4.23520602525018,3.64878760169762,0.3,1.17,0.79,0.190183539537971,0.404284969568359,0.375
2008-06-25,0.29,0.510211149425303,3.00319841547673,21.1933552875159,2.06,23.9935307008179,61.04,5.79834917354783,1.1485814134943,4.58425463480009,6.17010647913671,1.65149602388956,0.63,0.447242840008077,1.54,14.8510145246218,1.85,12.9655774304772,0.48,2.10680664327407,4.23520602525018,3.64878760169762,0.33,1.17,0.8,0.190183539537971,0.404284969568359,0.38
2008-06-26,0.275,0.510211149425303,2.97760297443574,21.7953781810058,2.18,23.7039536061528,60.8,5.89356016161923,1.14135763101949,4.53538198410926,6.12869636853847,1.65149602388956,0.6,0.465877958341747,1.58,15.0599162634592,1.9,12.8642838568016,0.5,2.02290726367466,4.21300311030784,3.64878760169762,0.33,0.99,0.79,0.197229914256271,0.404284969568359,0.38
2008-06-27,0.285,0.528764282131678,2.95200753339474,21.6448513847248,2,23.4143765114878,59.92,5.7888280747407,1.20637167329275,4.42786215258943,5.86367166070978,1.57616462630864,0.58,0.447242840008077,1.59,14.9079877261229,1.89,12.7461080208467,0.5,1.97629649723055,4.07978562065384,3.60059606733557,0.32,0.96,0.79,0.190183539537971,0.41149941537667,0.385
2008-06-30,0.275,0.55659398119124,3.13970743436204,21.6749675814768,2.2,23.7866899189143,60.4,5.76026477831928,1.22804302071717,4.42786215258943,6.12869636853847,1.55298573474527,0.57,0.456560399174912,1.59,14.8510145246218,1.85,12.9149306436394,0.49,1.93900788407525,4.05202642624719,3.59371156242671,0.28,0.84,0.8,0.197229914256271,0.404284969568359,0.38
2008-07-01,0.275,0.55659398119124,3.13970743436204,23.842490831281,2,23.7866899189143,60.4,5.76026477831928,1.22804302071717,4.25192061010243,6.12869636853847,1.5413904942407,0.57,0.42394894209099,1.59,14.7370681216196,1.8,12.8136370699638,0.49,1.93900788407525,3.94656813099984,3.59371156242671,0.28,0.81,0.78,0.18666035217882,0.404284969568359,0.38
2008-07-02,0.275,0.575147113897615,3.25062101220635,21.4040422273288,1.95,23.3316401987264,55.28,5.61744829621219,1.19192410834314,4.24214607996426,6.04587614734201,1.51822319212312,0.54,0.456560399174912,1.6,14.3382557111119,1.8,12.4928740866577,0.49,1.92036357749761,3.90770747912202,3.57994255260898,0.3,0.81,0.8,0.193706726897121,0.397062856973855,0.36
2008-07-03,0.275,0.575147113897615,3.0202620428374,22.0964257527368,1.88,22.5870133838734,40.8,5.71265928428358,1.1485814134943,4.10530265802993,5.75600537315438,1.45446965087809,0.51,0.451901619591495,1.56,13.7875147632678,1.67,12.1889933656309,0.54,1.90171927091996,3.79669845513909,3.55240453297353,0.3,0.81,0.8,0.193706726897121,0.382626298571041,0.36
2008-07-04,0.275,0.55659398119124,3.13117562068171,21.2233932134647,2,22.504277071112,46.16,5.50319511052652,1.1558051959691,4.2030479594116,5.61521099712039,1.40811766247426,0.53,0.475195517508582,1.54,13.6545772930986,1.65,12.0370530051175,0.57,1.88307496434231,3.90216230111517,3.49044398879376,0.3,0.9,0.8,0.197229914256271,0.382626298571041,0.355
2008-07-07,0.28,0.547317414838053,3.19089831644403,21.7050897990599,2.07,23.7866899189143,43.84,5.52223730814079,1.17747654339352,4.38876403203676,5.40816044412922,1.4428859998193,0.54,0.484513076675417,1.54,14.0913718379404,1.64,12.5941676603333,0.615,1.87375281105349,4.07978562065384,3.49732849370262,0.3,0.9,0.78,0.197229914256271,0.382626298571041,0.38
2008-07-08,0.27,0.55659398119124,3.08851655228005,21.5545690236098,2.03,23.2489038859649,42.88,5.50319511052652,1.14135763101949,4.2030479594116,5.56551886440251,1.33858098778417,0.5,0.484513076675417,1.52,13.6735683602656,1.58,12.2058756279102,0.59,1.7991755847429,3.96877104594217,3.44225245443171,0.3,0.92,0.8,0.190183539537971,0.382626298571041,0.355
2008-07-09,0.275,0.575147113897615,3.09704836596038,20.9224239125369,2.1,24.0762670135793,44.24,5.75074367951214,1.14135763101949,4.45718574300392,5.76428739527402,1.39073349380174,0.52,0.465877958341747,1.52,14.2053182409426,1.59,12.7461080208467,0.58,1.77120912487643,4.09643780686059,3.43536794952285,0.3,0.92,0.79,0.18666035217882,0.382626298571041,0.36
2008-07-10,0.275,0.575147113897615,3.05438929755872,21.1331108523498,2.02,24.11763516996,44.24,5.67457488905502,1.12691006606987,4.67222540604359,5.78913346163296,1.41970131353305,0.52,0.465877958341747,1.52,14.8130323902878,1.57,12.9824596927565,0.575,1.72459835843232,4.11864072180293,3.37340740534308,0.3,0.9,0.77,0.193706726897121,0.382626298571041,0.35
2008-07-11,0.275,0.575147113897615,3.11411199332104,21.072944687987,2.1,25.0691027667166,43.44,5.79834917354783,1.19192410834314,4.77974523756342,5.64005706347932,1.46027016849182,0.58,0.456560399174912,1.55,14.8889966589559,1.64,13.3369872006211,0.59,1.86443065776467,4.10199408632491,3.4078299298874,0.3,0.93,0.76,0.190183539537971,0.375404185976536,0.385
2008-07-14,0.27,0.565870547544427,3.09704836596038,21.2535154310478,2.18,24.572684890148,40.4,5.80787027235497,1.16302897844391,4.88726506908325,5.38331437777028,1.41391818008799,0.61,0.465877958341747,1.49,14.9079877261229,1.68,13.1175177909906,0.57,1.7991755847429,4.04648124824034,3.34586938570763,0.3,0.95,0.76,0.200744529383404,0.375404185976536,0.35
2008-07-15,0.26,0.55659398119124,3.04585748387839,20.3804828917757,2.05,23.3316401987264,36.848,5.94116565565492,1.1558051959691,4.67222540604359,5.30877617869346,1.33278047017044,0.55,0.465877958341747,1.48,14.1293539722745,1.63,12.5604031357748,0.55,1.73392051172114,3.89661157237959,3.29079334643672,0.3,0.97,0.74,0.200744529383404,0.360967627573722,0.34
2008-07-16,0.26,0.547317414838053,2.90081665131275,21.0127062736519,2,23.3316401987264,38.16,6.04589774253346,1.12691006606987,4.62335275535276,5.62349301924003,1.34437571067501,0.56,0.451901619591495,1.43,13.9584343677712,1.58,12.4928740866577,0.54,1.76188697158761,3.97432177467776,3.29079334643672,0.3,0.93,0.74,0.214837278820005,0.360967627573722,0.34
2008-07-17,0.26,0.547317414838053,2.88375302395209,21.4642806416639,2.16,23.4143765114878,37.28,6.07446103895487,1.08356737122103,4.66245087590542,5.62349301924003,1.40811766247426,0.54,0.465877958341747,1.43,13.9584343677712,1.53,12.8811661190809,0.5,1.78053127816526,4.15194509421643,3.30456235625444,0.3,0.97,0.75,0.211314091460854,0.368189740168226,0.375
2008-07-18,0.255,0.55659398119124,2.94347571971441,22.2469525490178,2.05,23.2489038859649,37.792,5.86499686519781,1.12691006606987,4.66245087590542,5.47441662108639,1.40811766247426,0.54,0.451901619591495,1.34,13.9584343677712,1.47,12.7461080208467,0.515,1.7991755847429,4.15749582295201,3.29079334643672,0.3,0.95,0.72,0.207790904101704,0.360967627573722,0.365
2008-07-21,0.25,0.55659398119124,2.94347571971441,22.4276015628819,2.2,24.4485804210058,39.008,5.71265928428358,1.37251867021331,4.79929429783975,5.28393011233452,1.4718596142735,0.54,0.447242840008077,1.34,14.3382557111119,1.45,12.9993419550357,0.505,1.8364641978982,4.2962640413416,3.29079334643672,0.3,0.91,0.68,0.207790904101704,0.360967627573722,0.34
2008-07-22,0.25,0.55659398119124,2.96053934707508,22.879175930894,2.05,24.7381575156709,39.008,5.65553269144075,1.1558051959691,4.70154899645809,5.225955957497,1.48924378294603,0.54,0.447242840008077,1.18,14.5471574499493,1.37,12.8136370699638,0.515,1.84578635118702,4.2962640413416,3.28390884152785,0.3,0.89,0.67,0.200744529383404,0.360967627573722,0.32
2008-07-23,0.255,0.55659398119124,2.91788027867342,23.481277095187,2.24,26.2274111453768,36.96,5.65553269144075,1.1558051959691,4.79929429783975,5.36675033353099,1.56457518052695,0.55,0.456560399174912,1.25,15.1928537336285,1.33,12.8811661190809,0.51,1.73392051172114,4.52384391950052,3.31144686116331,0.3,0.9,0.66,0.200744529383404,0.360967627573722,0.34
2008-07-24,0.25,0.55659398119124,3.00319841547673,23.5414432595499,2.2,26.3101474581382,35.008,5.82691246996925,1.1558051959691,4.77974523756342,5.24252000173629,1.53560156607275,0.55,0.44258406042466,1.25,15.2878090694636,1.32,12.7461080208467,0.505,1.68730974527702,4.4849832676227,3.29079334643672,0.3,0.9,0.67,0.197229914256271,0.375404185976536,0.36
2008-07-25,0.25,0.547317414838053,2.91788027867342,22.7286491346129,2.1,25.9792022070925,33.728,5.82691246996925,1.1558051959691,4.40831309231309,5.24252000173629,1.4718596142735,0.53,0.433266501257825,1.25,14.433211046947,1.29,12.3746982507028,0.5,1.6779875919882,4.42393080226002,3.27013983171013,0.3,0.93,0.64,0.197229914256271,0.382626298571041,0.34
2008-07-28,0.245,0.547317414838053,2.90081665131275,22.9393360744258,2.19,25.1104709230973,32.8,5.59840609859791,1.1558051959691,4.55493104438559,5.2926876572553,1.51242267450939,0.53,0.456560399174912,1.23,14.4522021141141,1.25,12.2396401524687,0.505,1.77120912487643,4.43502670900245,3.27702433661899,0.3,0.93,0.63,0.200744529383404,0.389840744379351,0.335
2008-07-29,0.25,0.538040848484865,2.86668939659143,24.9021330071249,2.2,24.6967893592901,31.44,5.45558961649082,1.1558051959691,4.48650933341842,5.30104893317513,1.5008390234506,0.53,0.456560399174912,1.18,14.6990859872855,1.2,12.0201707428382,0.5,1.72459835843232,4.38507570111093,3.26325532680126,0.3,0.91,0.63,0.204276288974571,0.41149941537667,0.33
2008-07-30,0.25,0.547317414838053,2.84962576923076,24.8690726240051,2.25,25.4000480177624,32.688,5.33181533199801,1.1558051959691,4.71132352659625,5.26760382949579,1.49503850583687,0.53,0.46121917875833,1.25,15.0978983977933,1.11,12.1552288410724,0.5,1.74324266500996,4.60711040126301,3.27013983171013,0.34,0.93,0.69,0.204276288974571,0.454816757371307,0.33
2008-07-31,0.25,0.547317414838053,2.8581575829111,24.835927949251,2.3,24.8208938284323,32.528,5.36989972722657,1.1558051959691,4.75042164714892,5.25088127765612,1.5008390234506,0.51,0.46121917875833,1.25,15.0789073306263,1.05,12.1045820542346,0.5,1.70595405185467,4.51829319076494,3.36652290043422,0.28,0.91,0.66,0.200744529383404,0.48369754096313,0.33
2008-08-01,0.25,0.538040848484865,2.80696670082911,24.7697289122081,2.18,24.8870828786415,32.4,5.29373093676945,1.14135763101949,4.79929429783975,5.17562979437761,1.51822319212312,0.52,0.447242840008077,1.21,14.7180770544526,0.98,11.9019949068834,0.5,1.66866543869938,4.60155412179869,3.27702433661899,0.3,0.89,0.68,0.204276288974571,0.469253315774122,0.32
2008-08-04,0.26,0.528764282131678,2.77283944610778,24.3723540650201,2.27,24.4899485773865,33.088,5.27468873915517,1.14135763101949,4.49628386355659,5.14218469069827,1.50662795161855,0.51,0.451901619591495,1.18,13.9204522334371,0.95,11.5137028744602,0.5,1.64069897883291,4.4960902758226,3.27702433661899,0.28,0.89,0.68,0.197229914256271,0.48369754096313,0.33
2008-08-05,0.26,0.510211149425303,2.61073498618148,23.842490831281,2.25,24.3492968456921,31.6,4.81767599641249,1.1558051959691,4.13462624844443,4.93315279270241,1.4718596142735,0.49,0.433266501257825,1.13,12.287220457072,0.89,10.804647858731,0.5,1.60341036567761,4.47943808961585,3.27013983171013,0.3,0.89,0.7,0.193706726897121,0.469253315774122,0.31
2008-08-06,0.189,0.510211149425303,2.61073498618148,23.842490831281,2.25,23.8694262316757,31.6,4.81767599641249,1.1558051959691,4.13462624844443,4.93315279270241,1.4718596142735,0.49,0.433266501257825,1.13,12.287220457072,0.89,10.7371188096139,0.5,1.60341036567761,4.47943808961585,3.27013983171013,0.3,0.89,0.7,0.193706726897121,0.469253315774122,0.32
2008-08-07,0.192,0.491658016718929,2.61073498618148,24.5047581599369,2.18,24.0762670135793,29.04,4.77959160118393,1.14135763101949,4.04665547720093,4.8579013094239,1.46606489138266,0.49,0.409972603340738,1.14,11.6225331062258,0.82,10.1462396298396,0.5,1.64069897883291,4.5293946482361,3.27702433661899,0.3,0.89,0.7,0.197229914256271,0.462038869965812,0.32
2008-08-08,0.188,0.473104884012554,2.58513954514048,24.5710414886141,2.18,24.059719751027,27.52,4.85576039164104,1.14135763101949,3.7631941031941,4.94987534454208,1.43708548220557,0.46,0.409972603340738,1.12,10.8818814867114,0.86,9.69041854829936,0.5,1.64069897883291,4.61265557926985,3.27013983171013,0.3,0.89,0.65,0.190183539537971,0.454816757371307,0.32
2008-08-11,0.185,0.440636901776398,2.44863052625518,23.941834543078,2.22,23.53848098063,27.392,4.76054940356965,1.11968628359507,3.58725256070711,4.93315279270241,1.43129655403762,0.42,0.344749689172893,0.94,10.691970815041,0.84,9.33589104043475,0.5,1.64069897883291,4.6515051296902,3.21506379243922,0.29,0.89,0.61,0.18313716481967,0.454816757371307,0.31
2008-08-12,0.17,0.445275184952992,2.3462487620912,23.6106647537639,2.32,23.0420631040613,27.44,4.34162105605552,1.27138571556601,3.55792897029261,4.59870175590903,1.43129655403762,0.39,0.354067248339728,0.91,10.0842566656959,0.8,8.86318769661526,0.5,1.68730974527702,4.60155412179869,3.15310324825945,0.29,0.87,0.62,0.175387867075943,0.462038869965812,0.31
2008-08-13,0.17,0.459190034482773,2.38890783049286,23.4451159840929,2.3,23.0089685789567,25.792,4.34162105605552,1.1558051959691,3.41131101822011,4.59870175590903,1.3849387709109,0.38,0.372702366673398,0.92,9.78039959102333,0.75,8.9475990080116,0.5,1.70595405185467,4.38507570111093,3.13244973353286,0.25,0.85,0.62,0.156374656461357,0.462038869965812,0.28
2008-08-14,0.174,0.445275184952992,2.44863052625518,23.0477411369049,2.12,23.2158093608603,22.768,4.49395863696975,1.1558051959691,3.58725256070711,4.59870175590903,1.40811766247426,0.42,0.372702366673398,0.91,10.7109618822081,0.7,9.43718461411035,0.5,1.81781989132055,4.35177132869743,3.06360468444423,0.27,0.83,0.62,0.147922435692203,0.462038869965812,0.3
2008-08-15,0.181,0.440636901776398,2.37184420313219,23.676948082441,2.2,23.3068193048979,19.44,4.33209995724838,1.1558051959691,3.43086007849644,4.89134641310324,1.40232293958342,0.43,0.391337485007068,0.9,10.0652655985289,0.76,9.14174502422317,0.5,1.76341661283934,4.35732205743301,3.06360468444423,0.3,0.82,0.61,0.153554392127633,0.454816757371307,0.29
2008-08-18,0.18,0.454551751306179,2.35478057577153,21.0428284912349,2.1,22.6697496966348,14,4.34162105605552,1.01132954647296,3.21582041545678,5.23415872581645,1.34437571067501,0.4,0.40531382375732,0.8,9.68544425518815,0.86,8.86318769661526,0.425,1.70713735923808,4.25740894019251,2.95345260590241,0.249,0.81,0.6,0.135235532306456,0.447602311562997,0.29
2008-08-19,0.17,0.445275184952992,2.20120792952556,19.2666411951077,2.2,22.2560681328276,12.4,3.99886149899851,1.11968628359507,3.18649682504228,5.01676555190075,1.33278047017044,0.41,0.40531382375732,0.77,9.76140852385629,0.85,8.49177792647139,0.425,1.68837760803766,4.19080019536551,2.99475963535559,0.27,0.81,0.64,0.14088463320592,0.418721527971174,0.255
2008-08-20,0.166,0.431360335423211,2.32918513473053,19.6279332020049,2.29,22.793854165777,16.64,4.0464669930342,1.27860949804082,3.46995819904911,5.1003783110991,1.35596515645669,0.41,0.409972603340738,0.89,10.160220934364,0.84,9.28524425359694,0.45,1.69775748363787,4.37397424363976,2.89149206172264,0.27,0.81,0.63,0.15214854607678,0.418721527971174,0.32
2008-08-21,0.155,0.440636901776398,2.31212150736987,19.4171679913887,2.15,21.8837547254011,22,3.95125600496281,1.1558051959691,3.37221289766744,5.01676555190075,1.30381265043913,0.41,0.409972603340738,0.94,10.141229867197,0.76,9.43718461411035,0.425,1.7258971104385,4.21300311030784,2.91903008135809,0.27,0.8,0.6,0.13947021492305,0.41149941537667,0.25
2008-08-22,0.155,0.440636901776398,2.31212150736987,21.3588980363559,2.15,21.8837547254011,22,3.95125600496281,1.1558051959691,3.32334024697661,5.01676555190075,1.29222899938034,0.41,0.382019925840233,0.85,9.85636385969147,0.75,9.40342008955181,0.425,1.7258971104385,4.14638881475211,2.91903008135809,0.33,0.78,0.6,0.138064368872197,0.404284969568359,0.25
2008-08-25,0.156,0.440636901776398,2.38890783049286,19.8687423594008,2.29,22.3388044455891,24.928,4.28449446321269,1.11968628359507,3.10830058393695,5.01676555190075,1.39073349380174,0.41,0.395996264590485,1.11,10.0652655985289,0.77,9.62288949918229,0.425,1.69775748363787,4.34066432049753,2.8983765666315,0.33,0.8,0.6,0.142984830050183,0.404284969568359,0.3
2008-08-26,0.159,0.454551751306179,2.57660773146015,19.8085039450657,2.16,22.504277071112,28.8,4.18928347514129,1.22804302071717,3.22559494559495,5.03348810374042,1.36755460223837,0.41,0.395996264590485,1.18,9.85636385969147,0.81,9.74106533513716,0.405,1.71651723483829,4.36286723543986,2.8433005273606,0.33,0.78,0.6,0.143696325307627,0.397062856973855,0.3
2008-08-27,0.162,0.454551751306179,2.6448622409028,20.7417748986729,2.27,23.1661675732035,35.792,4.45587424174119,1.16302897844391,3.42108554835828,5.01676555190075,1.43129655403762,0.445,0.395996264590485,1.13,10.5590333448718,0.84,10.6695897604969,0.425,1.71651723483829,4.44058298846677,2.92591458626696,0.33,0.76,0.6,0.144399248333053,0.397062856973855,0.31
2008-08-28,0.166,0.445275184952992,2.68752130930446,21.2535154310478,2.16,22.4215407583505,30,4.579648526234,1.26416193309121,3.41131101822011,4.98332044822142,1.39073349380174,0.43,0.395996264590485,1.11,10.1982030686981,0.83,10.4501203508664,0.4,1.7258971104385,4.20745238157226,2.95345260590241,0.33,0.72,0.58,0.14088463320592,0.375404185976536,0.26
2008-08-29,0.168,0.445275184952992,2.57660773146015,21.2836376486309,2.26,22.6283815402541,28.992,4.86528149044818,1.1558051959691,3.46018366891094,4.79937237798506,1.43708548220557,0.435,0.372702366673398,1.16,10.1792120015311,0.83,10.5851784491005,0.415,1.74465686163892,4.1741535598875,3.07737369426195,0.33,0.73,0.58,0.142281907024756,0.389840744379351,0.25
2008-09-01,0.16,0.454551751306179,2.71311675034546,20.9224239125369,2.16,22.5870133838734,22.608,4.81767599641249,1.19914789081794,3.35266383739111,4.8829851371834,1.43708548220557,0.42,0.354067248339728,1.15,9.98930132986072,0.83,10.298179990353,0.415,1.76341661283934,4.05202642624719,2.98787513044673,0.33,0.67,0.58,0.157077579486783,0.382626298571041,0.27
2008-09-02,0.16,0.454551751306179,2.84962576923076,20.5912481023918,2.16,22.5456452274927,24.56,4.73198610714823,1.1558051959691,3.23536947573311,4.97495917230158,1.44868072271014,0.425,0.363384807506563,1.26,9.78039959102333,0.81,10.0787105807225,0.405,1.75403673723913,4.17969873789434,3.01639899804049,0.33,0.63,0.59,0.17398202102509,0.382626298571041,0.27
2008-09-03,0.158,0.445275184952992,2.73871219138645,21.072944687987,2.16,21.6769139434975,23.6,4.37970545128408,1.16302897844391,3.02032981269345,5.02512682782059,1.40811766247426,0.415,0.354067248339728,1.21,9.11571224017708,0.7,9.42030235183108,0.415,1.74465686163892,4.07978562065384,3.01639899804049,0.36,0.62,0.54,0.175387867075943,0.397062856973855,0.25
2008-09-04,0.156,0.445275184952992,2.67898949562413,20.5912481023918,2.2,21.2218642233096,21.2,4.3606632536698,1.1558051959691,3.04965340310795,5.05021065558009,1.33858098778417,0.405,0.372702366673398,1.24,8.78336856475396,0.7,9.099539368525,0.365,1.70713735923808,4.01872760456242,3.02352996493893,0.36,0.63,0.52,0.172576174974237,0.389840744379351,0.28
2008-09-05,0.156,0.440636901776398,2.62779861354214,19.4770571725936,2.1,20.6013418775988,19.712,4.1416779811056,1.14135763101949,2.94213357158812,5.0752944833396,1.24586542153072,0.395,0.340090909589476,1.18,8.12817674749123,0.66,8.77877638521893,0.38,1.66961785683724,3.94101740226426,2.99500609734517,0.36,0.6,0.51,0.169052987615087,0.404284969568359,0.29
2008-09-08,0.16,0.435998618599805,2.66192586826347,20.0580051378998,2.15,21.6355457871168,20,4.3606632536698,1.1558051959691,3.03987887296978,5.01676555190075,1.30381265043913,0.4,0.363384807506563,1.23,8.50799809083194,0.6,9.33589104043475,0.415,1.70713735923808,4.09643780686059,3.03066093183737,0.36,0.6,0.55,0.16482687723051,0.404284969568359,0.29
2008-09-09,0.168,0.445275184952992,2.6704576819438,19.7522369356548,2.08,20.8495508158831,18.288,4.18928347514129,1.12691006606987,2.88348639075912,5.05857193149993,1.27484483070782,0.39,0.372702366673398,1.25,8.05221247882309,0.59,8.60995376242626,0.375,1.65085810563683,3.98542323214892,3.10910156772022,0.36,0.58,0.52,0.167638569332216,0.418721527971174,0.27
2008-09-10,0.16,0.445275184952992,2.6704576819438,18.4986368399082,2.06,20.1049240010302,18.8,3.80843952285572,1.11246250112026,2.69777031813395,5.05857193149993,1.25166014442156,0.385,0.372702366673398,1.25,7.52046259814609,0.55,7.88401648441777,0.38,1.6227184788362,3.88551566563716,3.14475640221243,0.36,0.57,0.52,0.164123954205084,0.397062856973855,0.27
2008-09-11,0.154,0.445275184952992,2.6704576819438,17.3978382895207,1.95,19.3091040926561,17.6,3.54184875625582,1.11968628359507,2.57070142633779,4.8829851371834,1.14156040949559,0.37,0.354067248339728,1.25,7.3115608593087,0.56,7.28469617350378,0.35,1.48202034483306,3.73153885406912,3.06631576632958,0.36,0.49,0.48,0.156374656461357,0.382626298571041,0.246
2008-09-12,0.159,0.454551751306179,2.73871219138645,17.7953901550424,2,19.2672188343206,18,3.59897534909866,1.10523871864545,2.52182877564696,4.94151406862224,1.14735513238643,0.37,0.372702366673398,1.25,7.5774357996472,0.55,7.51260671427389,0.37,1.4257410912318,3.73153885406912,3.08057770012646,0.36,0.5,0.445,0.164123954205084,0.375404185976536,0.275
2008-09-15,0.159,0.454551751306179,2.73871219138645,19.5748888099511,2,19.2672188343206,18,3.59897534909866,1.10523871864545,2.52182877564696,4.94151406862224,1.12417044610018,0.37,0.312138232088971,1.25,7.21660552347352,0.5,7.51260671427389,0.35,1.4257410912318,3.68684976599644,3.08057770012646,0.36,0.485,0.44,0.151437050819336,0.375404185976536,0.26
2008-09-16,0.16,0.440636901776398,2.74724400506678,16.1136436393486,2.14,18.3038578926045,17.6,3.47520106460584,1.047448458847,2.36543629343629,5.05857193149993,1.05463956613298,0.33,0.372702366673398,1.25,6.69435117638004,0.51,6.79511056740504,0.31,1.27566308162846,3.52485182173296,3.03066093183737,0.36,0.445,0.35,0.160600766845933,0.339308956576403,0.26
2008-09-17,0.157,0.435998618599805,2.73018037770612,17.5507254482641,2.1,17.9687758259207,16.448,3.42759557057015,1.08754252666332,2.26769099205463,5.11710086293877,1.00828178300626,0.275,0.358726027923145,1.25,6.66586457562949,0.48,6.22955478104959,0.29,1.2193838280272,3.37961228549674,2.895172560767,0.36,0.36,0.385,0.160600766845933,0.332086843981899,0.241
2008-09-18,0.152,0.375700937304087,2.56807591777982,16.266530798092,1.9,17.7593495342433,16.528,3.41807447176301,0.572772397376015,2.29701458246913,4.74084344654621,0.956129276988694,0.241,0.354067248339728,1.25,6.36200750095692,0.44,6.17890799421178,0.22,1.06930581842385,3.37402056335164,2.67411258691533,0.235,0.25,0.34,0.150031204768483,0.295991614581765,0.22
2008-09-19,0.155,0.408990893774069,2.80696670082911,17.1838476353106,2,18.0106610842562,16.8,3.78939732524144,0.732278634619969,2.93235904144995,5.01676555190075,1.07202373480551,0.265,0.358726027923145,1.09,7.92877054223736,0.45,7.59701802567023,0.245,1.13496494762532,3.854433846269,2.70976742140753,0.235,0.345,0.35,0.15425731515306,0.324872398173588,0.3
2008-09-22,0.158,0.428013726042631,2.8325621418701,16.6334881091881,1.95,19.0159072843077,16.448,4.0940724870699,0.754029485153235,2.87371186062095,5.01676555190075,1.10678627742766,0.265,0.340090909589476,1.11,8.29909635199455,0.45,8.45801340191285,0.25,1.16310457442595,3.83208930223266,2.72402935520442,0.235,0.37,0.355,0.162006612896787,0.321261341876336,0.23
2008-09-23,0.156,0.41850230990835,2.78137125978811,16.5111160067277,1.75,18.429513667611,15.68,3.97029820257709,0.72502835110888,2.65867219758129,5.01676555190075,1.06623480663756,0.255,0.321455791255806,1.03,7.24509212422408,0.43,7.27625504236415,0.265,1.10682532082469,3.61982172002342,2.78107709039194,0.235,0.365,0.4,0.165538372487954,0.314039229281832,0.2
2008-09-24,0.156,0.432769434109771,2.78990307346844,16.6334881091881,1.9,19.3509893509915,15.92,3.86556611569856,0.797531186219768,2.57070142633779,4.95823662046191,1.03725539746046,0.26,0.321455791255806,1.03,7.07417251972076,0.41,7.08210902615258,0.255,1.13496494762532,3.72036658205095,2.64558871932157,0.235,0.365,0.38,0.167638569332216,0.321261341876336,0.245
2008-09-25,0.154,0.432769434109771,2.86668939659143,17.1226585264595,1.82,19.476645125998,15.6,3.71322853478433,0.833782603775212,2.60979954689046,5.01676555190075,1.02566595167878,0.36,0.316797011672388,0.86,7.16912785555593,0.42,7.05678563273368,0.265,1.12558507202511,3.69244148814153,2.56714808343872,0.235,0.365,0.34,0.169052987615087,0.321261341876336,0.215
2008-09-26,0.156,0.432769434109771,2.90081665131275,16.6945977198966,1.85,19.1834483176496,15.808,3.61801754671293,0.833782603775212,2.53160330578512,4.74920472246605,1.03146067456962,0.32,0.302820672922136,0.86,7.01719931821965,0.4,6.92172753449954,0.275,1.12558507202511,3.55278250177839,2.4245287454699,0.23,0.365,0.35,0.16835006458966,0.31042817298458,0.23
2008-09-29,0.15,0.41850230990835,2.76430763242745,16.5111160067277,1.15,18.2619726342691,15.472,3.52280655864154,0.870034021330656,2.31656364274546,5.01676555190075,1.01986543406505,0.375,0.302820672922136,0.87,6.57090923979431,0.4,6.44902419068006,0.275,1.16310457442595,3.29023410935137,2.34608810958705,0.23,0.345,0.33,0.165538372487954,0.339308956576403,0.2
2008-09-30,0.149,0.399479477639789,2.77283944610778,15.9913510350307,1.21,18.6808252176239,16.368,3.65610194194149,0.797531186219768,2.32633817288363,4.96659789638175,0.996692337224578,0.355,0.302820672922136,0.84,6.66586457562949,0.4,6.39837740384226,0.295,1.23814357922762,3.36844001347856,2.35321907648549,0.24,0.315,0.31,0.172576174974237,0.324872398173588,0.22
2008-10-01,0.149,0.399479477639789,2.77283944610778,17.5905234415084,1.21,18.6808252176239,16.368,3.65610194194149,0.72502835110888,2.0722003892913,4.96659789638175,0.927155662534491,0.355,0.279526775005048,0.78,5.98218615761621,0.38,6.21267251877032,0.26,1.23814357922762,3.06678866898795,2.35321907648549,0.24,0.295,0.305,0.144399248333053,0.31042817298458,0.2
2008-10-02,0.146,0.408990893774069,2.84109395555043,15.2881104654066,1.64,18.9740220259722,16.48,3.75131293001288,0.797531186219768,2.55115236606146,4.75756599838588,1.10099734925971,0.37,0.293503113755301,0.9,7.1501367883889,0.43,6.64317020689163,0.3,1.2193838280272,3.48574886966936,2.38174294407925,0.25,0.34,0.33,0.171873251948811,0.335697900279151,0.22
2008-10-03,0.148,0.408990893774069,2.74724400506678,14.0650193107013,1.7,18.5132841842819,16,3.47520106460584,0.797531186219768,2.48273065509429,4.79937237798506,1.08361897531008,0.355,0.307479452505553,0.86,6.83678418013281,0.42,6.55031776435566,0.305,1.17248445002615,3.39637069352399,2.32469520889173,0.25,0.31,0.31,0.17045883366594,0.324872398173588,0.21
2008-10-06,0.148,0.404235185706929,2.62779861354214,12.2304712496484,0.8,16.7541033341918,14,3.32286348369162,0.855533454308478,2.1894947509493,4.84954003350406,1.0430501203513,0.325,0.307479452505553,0.8,6.20058343003712,0.42,6.00164424027948,0.275,1.09744544522448,3.12823616508789,2.12502813573538,0.25,0.32,0.305,0.167638569332216,0.31042817298458,0.201
2008-10-07,0.148,0.404235185706929,2.62779861354214,13.4535624043538,0.8,16.7541033341918,14,3.32286348369162,0.768530052175413,2.15039663039663,4.84954003350406,1.03725539746046,0.325,0.302820672922136,0.8,6.12461916136898,0.38,6.27176043674775,0.275,1.09744544522448,3.10589162105154,2.12502813573538,0.25,0.3,0.305,0.162006612896787,0.31042817298458,0.201
2008-10-08,0.148,0.332899564699824,2.16708067480423,10.5182157929135,0.73,14.4252829707391,12.608,3.09435711232027,0.739528918131058,1.9549060276333,4.6405081355082,0.961929794602425,0.28,0.288844334171883,0.71,5.45043627693921,0.39,5.03935529036125,0.2,0.966127186821552,2.7372066444519,1.88970622808683,0.23,0.285,0.28,0.15778050251221,0.30321372717627,0.2
2008-10-09,0.148,0.332899564699824,2.38890783049286,11.0074657083274,0.61,14.1739714207263,11.968,3.20861029800594,0.783030619197591,1.87670978652797,4.71575961878671,0.985097096720006,0.265,0.279526775005048,0.74,5.55488714635791,0.39,5.06467868378015,0.23,0.956747311221342,2.93830754077898,2.09650426814162,0.23,0.3,0.305,0.15988927158849,0.295991614581765,0.21
2008-10-10,0.14,0.294853900162701,2.14148523376324,10.1146098380691,0.61,12.3980364673019,10,2.85632964214179,0.783030619197591,1.65189559335014,4.59870175590903,0.857624782567295,0.243,0.288844334171883,0.64,5.09910153434905,0.38,4.43159384830763,0.2,0.881708306419668,2.68693142037013,1.94675396327436,0.17,0.248,0.285,0.144399248333053,0.267118497776136,0.126
2008-10-13,0.136,0.323388148565543,2.1841443021649,10.4448390072744,1.78,13.2860039440141,10.56,2.98962502544174,0.833782603775212,1.8962588468043,4.57361792814952,0.932950385425332,0.26,0.288844334171883,0.61,5.39346307543811,0.39,4.85365040528931,0.2,0.844188804018831,3.15616125899731,2.05371846675097,0.2,0.24,0.295,0.14088463320592,0.267118497776136,0.2
2008-10-14,0.134,0.318632440498403,2.38890783049286,10.6405083972313,1.58,14.408528867405,11.92,3.15148370516311,0.833782603775212,1.9255824372188,4.40639240975283,0.979313963274947,0.275,0.288844334171883,0.62,5.51690501202384,0.38,5.36855940480696,0.2,0.825429052818413,3.27347570132411,2.10363523504006,0.23,0.25,0.28,0.145805094383906,0.270721887287194,0.2
2008-10-15,0.129,0.28058677596128,2.27799425264854,10.3959231885956,1.75,13.453544977356,10.8,2.9324984325989,0.797531186219768,1.68121918376464,4.22244433951647,0.938745108316172,0.26,0.284185554588466,0.6,4.96616406417981,0.38,4.71015117591554,0.19,0.787909550417576,3.05003026096069,2.03232556605565,0.23,0.22,0.29,0.144399248333053,0.267118497776136,0.15
2008-10-16,0.129,0.27583106789414,2.11588979272224,8.573556689089,1.68,12.3980364673019,10.432,2.55165448031333,0.790280902708679,1.53460123169214,3.73749033616606,0.857624782567295,0.24,0.279526775005048,0.57,4.32996331408411,0.36,4.13615425842046,0.2,0.656591292014647,2.92154913275172,1.91109912878216,0.225,0.22,0.27,0.131017994153896,0.231015601589809,0.15
2008-10-17,0.126,0.27583106789414,2.13295342008291,6.86130123235401,1.68,12.1634790206232,10,2.3993168993991,0.797531186219768,1.48572858100131,3.34451036793384,0.869208433626085,0.244,0.279526775005048,0.54,4.08307944091265,0.3,3.99265502904669,0.19,0.637831540814228,2.91037686073355,1.88970622808683,0.225,0.195,0.255,0.133135335462193,0.223801155781498,0.151
2008-10-20,0.133,0.294853900162701,2.21827155688622,7.94980814684401,1.55,12.1634790206232,10,2.69447096242042,0.790280902708679,1.55415029196847,3.36959419569334,0.938745108316172,0.244,0.270209215838213,0.55,4.20652137749838,0.31,4.22056556981679,0.175,0.61907178961381,3.21761434123326,1.80413462530554,0.225,0.231,0.225,0.129603575871026,0.20935693059249,0.171
2008-10-21,0.12,0.261563943692719,2.20120792952556,8.13330820573817,1.42,5.46183768694653,9.568,2.81824524691323,0.797531186219768,1.42708140017231,3.34451036793384,0.921360939643651,0.237,0.265550436254796,0.53,3.94064643715988,0.31,4.05174294702412,0.15,0.61907178961381,3.18410311131475,1.51176498246947,0.225,0.217,0.24,0.12468311469304,0.20935693059249,0.13
2008-10-22,0.124,0.261563943692719,2.05616709695992,8.46345787680085,1.42,4.11313236854409,8.4,2.67542876480614,0.797531186219768,1.32933609879064,3.30270398833466,0.869208433626085,0.23,0.274867995421631,0.49,3.54183402665214,0.32,3.51151055408757,0.13,0.553412660412345,2.95506594880624,1.52602691626635,0.196,0.23,0.22,0.109175946973569,0.194920372189676,0.151
2008-10-23,0.117,0.237785403357017,2.06469891064025,7.33829008807915,0.76,4.18852583354795,7.2,2.85632964214179,0.72502835110888,1.24136532754715,3.11039464217847,0.869208433626085,0.239,0.279526775005048,0.51,3.38040995573233,0.3,3.23295322647966,0.125,0.553412660412345,2.8154125485791,1.41193144589129,0.19,0.23,0.207,0.107770100922716,0.194920372189676,0.15
2008-10-24,0.114,0.236834261743589,1.96231714647627,7.42390347244008,0.71,4.23878814355053,5.6,2.78016085168468,0.717778067597791,1.08497284533648,2.74249850170575,0.747519252918433,0.217,0.246915317921126,0.51,3.38040995573233,0.3,2.86998458747542,0.1,0.515893158011508,2.51376120408848,1.39053854519597,0.17,0.22,0.22,0.104949836588992,0.194920372189676,0.101
2008-10-27,0.11,0.214006863021315,1.70636273606633,5.50371756605937,0.7,3.0660009101571,4.4,2.55165448031333,0.688776933553436,0.938354893263984,2.91808529602227,0.649014758497035,0.2,0.256232877087961,0.495,2.74420920563664,0.22,2.40572237479557,0.09,0.464303842210357,2.10038713941615,1.28357404171936,0.17,0.22,0.17,0.0894598133335555,0.173261701192357,0.102
2008-10-28,0.11,0.214006863021315,1.8599353823123,5.90121439440539,0.7,3.54349285518157,4.48,2.94201953140604,0.609023814931459,0.997002074092983,3.30270398833466,0.683783095842078,0.19,0.251574097504544,0.445,2.94361541089052,0.2,2.58298612872788,0.115,0.478373655610671,2.34617712381592,1.31922887621156,0.136,0.23,0.18,0.0838278568981256,0.174710723782974,0.1
2008-10-29,0.123,0.209251154954175,1.92818989175495,7.82750942728443,1.3,3.56862401018285,8.8,3.21813139681308,0.652525515997992,1.04587472478382,3.51173588633053,0.718545638464231,0.204,0.246915317921126,0.45,3.35192335498178,0.25,2.46481029277301,0.115,0.49713340681109,2.46348598000671,1.31922887621156,0.132,0.237,0.18,0.0964976158198384,0.180483813786861,0.103
2008-10-30,0.147,0.22637170399588,2.04763528327959,8.07211909688707,1.29,4.18852583354795,12.4,3.80843952285572,0.652525515997992,1.21204173713265,3.82946437128424,0.799671758935999,0.215,0.246915317921126,0.51,4.27299011258301,0.26,3.08945399710589,0.12,0.562792536012554,2.87686004467904,1.36914564450065,0.16,0.247,0.17,0.104246913563565,0.187705926381365,0.135
2008-10-31,0.142,0.252052527558438,1.97084896015661,9.16064435710229,1.29,5.07649331026012,12.8,4.02742479541992,0.580022680887104,1.35865968920514,4.13883158031812,0.828639578667311,0.241,0.232938979170874,0.52,4.34895438125115,0.25,3.07257173482663,0.125,0.581552287212973,2.80982641257001,1.39053854519597,0.16,0.245,0.178,0.102129572255268,0.241848770481565,0.133
2008-11-03,0.148,0.256808235625578,2.04763528327959,9.16064435710229,1.33,5.07649331026012,11.648,3.65610194194149,0.580022680887104,1.38798327961964,4.1806379599173,0.863413710735245,0.243,0.232938979170874,0.53,4.68129805667427,0.28,3.22451209534003,0.14,0.590932162813182,2.69251755637922,1.42619337968818,0.16,0.248,0.178,0.104246913563565,0.259896385181632,0.135
2008-11-04,0.148,0.266319651759859,2.0220398422386,7.53397782376126,1.31,5.07649331026012,11.04,3.40855337295587,0.580022680887104,1.34888515906698,4.16391540807763,0.828639578667311,0.23,0.232938979170874,0.53,4.27299011258301,0.28,3.14010078394369,0.135,0.572172411612763,2.6590007403247,1.49750304867258,0.2,0.255,0.171,0.109175946973569,0.245459826778817,0.146
2008-11-05,0.16,0.271075359826999,2.11588979272224,7.68074362552285,1.13,5.07649331026012,11.52,3.20861029800594,0.580022680887104,1.46617952072498,4.1806379599173,0.828639578667311,0.236,0.237597758754291,0.54,4.54836058650502,0.29,3.61280412776317,0.14,0.600312038413391,2.79865414055184,1.59020561835232,0.19,0.265,0.17,0.112699134332719,0.245459826778817,0.146
2008-11-06,0.158,0.247296819491298,2.04763528327959,7.39944250547981,1.15,5.07649331026012,11.44,2.98962502544174,0.54377126333166,1.46617952072498,4.06358009703961,0.80547227654973,0.222,0.232938979170874,0.5,4.31097224691708,0.27,3.4946282918083,0.15,0.534652909211927,2.53052519825175,1.56168175075855,0.17,0.25,0.17,0.112699134332719,0.245459826778817,0.146
2008-11-07,0.155,0.27583106789414,2.13295342008291,8.18222402441696,1.09,5.07649331026012,11.888,3.08483601351313,0.529270696309482,1.64212106321197,4.04685754519994,0.811255409994789,0.222,0.223621420004039,0.51,4.70978465742482,0.3,3.62968639004244,0.13,0.544032784812136,2.54169188413391,1.6401223866414,0.17,0.27,0.166,0.113402057358145,0.241848770481565,0.146
2008-11-10,0.154,0.28058677596128,2.24386699792722,8.31670430552275,1.1,5.07649331026012,11.92,3.36094787892017,0.514770129287305,2.20904381122563,4.12210902847845,0.886592602298607,0.225,0.242256538337709,0.53,5.98218615761621,0.3,4.30497688121313,0.15,0.637831540814228,2.7372066444519,1.69003915493049,0.17,0.27,0.18,0.126783311537302,0.245459826778817,0.121
2008-11-11,0.155,0.294853900162701,2.20120792952556,7.82750942728443,1.09,5.07649331026012,10.96,3.23717359442736,0.493019278754039,2.15039663039663,4.1806379599173,0.892387325189448,0.225,0.279526775005048,0.52,5.83025762027992,0.3,3.96733163562779,0.15,0.656591292014647,2.62547833813418,1.67577722113361,0.17,0.265,0.18,0.134532609281029,0.234626657887061,0.142
2008-11-12,0.152,0.304365316296982,2.22680337056655,7.8764374764467,1.09,5.07649331026012,11.232,3.38951117534159,0.464018144709683,2.2188183413638,4.26425071911564,0.996692337224578,0.225,0.265550436254796,0.52,5.93470848969862,0.3,4.08550747158266,0.14,0.722250421216111,2.60314496636986,1.69717012182893,0.17,0.26,0.18,0.141578983999329,0.238237714184313,0.149
2008-11-13,0.15,0.313876732431263,2.16708067480423,7.16706331935731,1.09,5.54560820361749,10.4,3.17052590277739,0.529270696309482,2.26769099205463,4.33950220239415,0.921360939643651,0.21,0.270209215838213,0.51,5.69732015011068,0.3,3.76474448827658,0.14,0.665971167614856,2.49700279606122,1.71143205562581,0.185,0.28,0.17,0.140173137948476,0.238237714184313,0.149
2008-11-14,0.152,0.309121024364122,2.26946243896821,7.19152428631757,1.09,5.15188677526398,10.8,3.33238458249876,0.565522113864926,2.32633817288363,4.29769582279498,0.932950385425332,0.208,0.270209215838213,0.5,5.9252129561151,0.3,3.88292032423145,0.14,0.684730918815274,2.55845029216116,1.71143205562581,0.185,0.295,0.176,0.147922435692203,0.231015601589809,0.149
2008-11-17,0.153,0.304365316296982,2.24386699792722,7.21598525327784,1.02,5.3110507569388,10.272,3.53232765744868,0.572772397376015,2.2188183413638,4.34786347831399,0.961929794602425,0.203,0.260891656671378,0.49,6.4569628367921,0.3,3.90824371765035,0.13,0.750390048016739,2.54169188413391,1.71143205562581,0.185,0.295,0.175,0.152851469102207,0.238237714184313,0.165
2008-11-18,0.145,0.332899564699824,2.13295342008291,6.91022928151628,0.92,5.19377203359946,9.152,3.40855337295587,0.580022680887104,1.96468055777147,4.24752816727597,0.880792084684876,0.199,0.279526775005048,0.49,5.74479781802826,0.3,3.54527507864611,0.145,0.722250421216111,2.39645234789768,1.6044675521492,0.185,0.28,0.185,0.147219512666777,0.231015601589809,0.165
2008-11-19,0.145,0.313876732431263,2.07323072432059,6.84907074887388,0.91,5.1100015169285,8.88,3.37999007653445,0.529270696309482,1.7789644851463,4.39803113383299,0.927155662534491,0.205,0.288844334171883,0.495,5.27951667243589,0.3,3.37645245585343,0.13,0.703490670015693,2.46348598000671,1.6044675521492,0.195,0.305,0.168,0.141578983999329,0.231015601589809,0.16
2008-11-20,0.145,0.290098192095561,1.97938077383694,6.01128263048484,0.6,4.95921458692077,8,3.04675161828458,0.522020412798394,1.63234653307381,4.40639240975283,0.909771493861969,0.202,0.288844334171883,0.465,4.47239631783688,0.34,3.19074757078149,0.16,0.647211416414437,2.37410780386134,1.51889594936791,0.195,0.3,0.17,0.137352873614753,0.223801155781498,0.135
2008-11-21,0.145,0.304365316296982,1.9964444011976,5.87674731220339,0.53,4.85868996691562,7.808,3.13244150754883,0.54377126333166,1.87670978652797,4.59034047998919,0.921360939643651,0.2,0.293503113755301,0.47,4.89019979551166,0.3,3.24983548875893,0.145,0.712870545615902,2.45231370798854,1.52602691626635,0.19,0.34,0.194,0.14088463320592,0.216579043186994,0.135
2008-11-24,0.145,0.304365316296982,1.94525351911561,6.0540893226653,0.53,4.73303419190918,6.848,3.04675161828458,0.536520979820571,1.82783713583714,4.92479151678257,0.875003156516926,0.198,0.307479452505553,0.465,4.76675785892593,0.29,3.25827661989856,0.155,0.684730918815274,2.41321075592494,1.46184821418038,0.19,0.3,0.195,0.14088463320592,0.216579043186994,0.131
2008-11-25,0.142,0.294853900162701,1.92818989175495,5.89509303742359,0.53,4.47334559022921,7.408,3.14196260635597,0.514770129287305,1.73986636459364,4.59870175590903,0.944545625929904,0.202,0.307479452505553,0.45,4.84272212759407,0.29,3.33424680015527,0.155,0.703490670015693,2.51376120408848,1.4832411148757,0.202,0.3,0.205,0.133135335462193,0.231015601589809,0.132
2008-11-26,0.136,0.290098192095561,2.03057165591893,6.16416367398649,0.5,4.60737841690275,8.528,3.33238458249876,0.522020412798394,1.78873901528447,4.45656006527184,1.00828178300626,0.2,0.307479452505553,0.5,5.48841841127328,0.27,3.4946282918083,0.19,0.703490670015693,2.68693142037013,1.49750304867258,0.205,0.3,0.185,0.133829686255603,0.223801155781498,0.13
2008-11-27,0.138,0.294853900162701,2.06469891064025,6.55553914535071,0.5,4.55711610690017,8.608,3.34190568130589,0.572772397376015,1.93535696735697,4.11374775255862,1.03146067456962,0.202,0.298161893338718,0.5,5.88723082178103,0.28,3.59592186548391,0.19,0.694110794415484,2.78748186853367,1.56881271765699,0.206,0.305,0.17,0.131720917179323,0.223801155781498,0.13
2008-11-28,0.142,0.294853900162701,2.07323072432059,6.99583655063546,0.54,4.37282097022406,8.608,3.28477908846306,0.616274098442548,1.99400414818597,4.05521882111978,1.0140765058971,0.199,0.298161893338718,0.51,5.88723082178103,0.28,3.70565657029914,0.19,0.703490670015693,2.87686004467904,1.54741981696167,0.208,0.305,0.173,0.133829686255603,0.238237714184313,0.13
2008-12-01,0.142,0.318632440498403,2.12442160640258,7.39944250547981,0.58,5.05136215525883,8.688,3.5608909538701,0.630774665464726,2.1601711605348,4.1806379599173,0.985097096720006,0.21,0.298161893338718,0.48,6.21007896362064,0.28,4.00953729132595,0.19,0.750390048016739,2.80424027656093,1.53315788316479,0.225,0.34,0.186,0.132423840204749,0.25628532888438,0.13
2008-12-02,0.135,0.313876732431263,2.05616709695992,7.32605960459902,0.55,5.05136215525883,8.48,3.32286348369162,0.638024948975815,2.00377867832413,4.24752816727597,0.927155662534491,0.202,0.298161893338718,0.475,5.67832908294364,0.27,3.75630335713695,0.19,0.703490670015693,2.64782288217052,1.46184821418038,0.221,0.325,0.18,0.128197729820173,0.249063216289876,0.13
2008-12-03,0.144,0.313876732431263,2.07323072432059,7.86420087772483,0.56,4.68277188190661,8.8,3.48472216341298,0.638024948975815,2.19926928108746,4.29769582279498,0.990897614333737,0.204,0.298161893338718,0.475,6.11512362778546,0.28,4.00953729132595,0.19,0.703490670015693,2.69809810625229,1.53315788316479,0.225,0.34,0.192,0.125377465486449,0.25628532888438,0.13
2008-12-04,0.136,0.304365316296982,2.11588979272224,6.98361218239707,0.55,4.62413252023694,9.12,3.23717359442736,0.638024948975815,2.17972022081113,4.28097327095531,0.973513445661216,0.205,0.288844334171883,0.465,6.13411469495249,0.3,3.80695014397475,0.23,0.722250421216111,2.65341460431562,1.53315788316479,0.24,0.36,0.195,0.123268696410169,0.252674272587128,0.148
2008-12-05,0.139,0.313876732431263,2.16708067480423,6.84907074887388,0.58,4.85868996691562,9.28,3.21813139681308,0.638024948975815,2.29701458246913,4.2308056154363,1.00248126539253,0.206,0.288844334171883,0.465,6.6183869077119,0.29,3.90824371765035,0.2,0.74101017241653,2.62547833813418,1.55455078386011,0.24,0.39,0.195,0.119745509051019,0.270721887287194,0.16
2008-12-08,0.139,0.328143856632684,2.20973974320589,6.9713755836752,0.62,5.44508358361234,9.648,3.33238458249876,0.638024948975815,2.49250518523246,4.34786347831399,1.07781845769635,0.204,0.279526775005048,0.48,7.13114572122186,0.29,4.4484761105869,0.205,0.787909550417576,2.87686004467904,1.58307465145387,0.24,0.39,0.19,0.119745509051019,0.285166112476203,0.16
2008-12-09,0.134,0.323388148565543,2.26946243896821,6.87353171583414,0.6,5.52885410028329,10.32,3.43711666937729,0.645275232486903,2.45340706467979,4.23916689135614,1.0430501203513,0.214,0.279526775005048,0.485,7.54894919889665,0.29,4.64262212679847,0.2,0.759769923616948,2.84333764248852,1.56881271765699,0.24,0.415,0.182,0.121862850359316,0.292380558284513,0.15
2008-12-10,0.134,0.342410980834105,2.35478057577153,6.94691461671493,0.6,6.32467400865741,10.88,3.72274963359147,0.652525515997992,2.60002501675229,4.1806379599173,1.08940210875514,0.214,0.284185554588466,0.55,8.26111421766048,0.29,5.31791261796916,0.19,0.806669301617994,3.03327185293343,1.6044675521492,0.24,0.42,0.19,0.121862850359316,0.299602670879017,0.16
2008-12-11,0.144,0.342410980834105,2.33771694841087,7.46059492288047,0.63,5.94770668363809,11.008,3.59897534909866,0.696027217064525,2.51205424550879,4.16391540807763,1.09520262636887,0.26,0.265550436254796,0.53,7.738859870567,0.29,5.14908999517649,0.2,0.937987560020924,3.01092172276108,1.67577722113361,0.24,0.44,0.21,0.121862850359316,0.342920012873655,0.17
2008-12-12,0.14,0.318632440498403,2.23533518424689,7.00806703411559,0.59,5.61262461695425,9.808,3.58945425029152,0.652525515997992,2.23836740164013,4.08866392479912,1.04885063796503,0.223,0.260891656671378,0.485,6.69435117638004,0.29,4.55821081540214,0.2,0.937987560020924,2.78748186853367,1.70430108872737,0.24,0.46,0.198,0.119745509051019,0.342920012873655,0.153
2008-12-15,0.146,0.313876732431263,2.14148523376324,7.19152428631757,0.6,5.86393616696713,10,3.77035512762716,0.652525515997992,2.36543629343629,4.09702520071895,1.14735513238643,0.232,0.270209215838213,0.485,6.96972165030206,0.29,4.66794552021737,0.19,0.975507062421761,2.83775709261544,1.65438432043828,0.24,0.49,0.2,0.128197729820173,0.350134458681965,0.16
2008-12-16,0.148,0.313876732431263,2.11588979272224,7.05698896803612,0.57,5.90582142530261,9.968,3.57993315148438,0.681526650042347,2.38498535371263,4.15555413215779,1.12997096371391,0.225,0.270209215838213,0.485,7.3115608593087,0.3,4.79456248731188,0.2,0.966127186821552,2.78748186853367,1.62586045284452,0.24,0.5,0.219,0.121862850359316,0.346531069170907,0.16
2008-12-17,0.142,0.342410980834105,2.27799425264854,6.9713755836752,0.47,6.1236247686471,10.08,3.80843952285572,0.696027217064525,2.73686843868662,4.14719285623796,1.17053981867269,0.233,0.270209215838213,0.495,8.21363654974289,0.32,5.29258922455026,0.205,0.966127186821552,2.87127390866995,1.69976320070109,0.25,0.485,0.209,0.123268696410169,0.339308956576403,0.155
2008-12-18,0.145,0.385212353438368,2.22680337056655,7.32605960459902,0.48,6.91106762535412,10.88,4.0464669930342,0.710527784086702,2.98123169214078,4.13883158031812,1.24586542153072,0.223,0.256232877087961,0.495,8.83084623267155,0.3,5.4782941096222,0.195,1.12558507202511,2.88244618068812,1.69976320070109,0.25,0.47,0.194,0.121151355101872,0.328475787684647,0.146
2008-12-19,0.155,0.375700937304087,2.24386699792722,7.30159252239702,0.48,7.20426443370248,10.4,3.99886149899851,0.710527784086702,2.93235904144995,4.17227668399746,1.27484483070782,0.221,0.256232877087961,0.49,8.47001595649787,0.29,5.30103035568989,0.19,1.14434482322553,2.96065208481532,1.63325072763018,0.25,0.445,0.193,0.117628167742722,0.324872398173588,0.168
2008-12-22,0.149,0.351922396968385,2.17561248848456,7.65628265856258,0.48,6.57598555867028,10,3.75131293001288,0.688776933553436,2.66844672771945,4.21408306359663,1.21109128946279,0.221,0.256232877087961,0.51,7.8433107399857,0.29,5.01403189694235,0.185,1.06930581842385,2.88244618068812,1.58890907891624,0.25,0.405,0.182,0.118331090768149,0.332086843981899,0.147
2008-12-23,0.147,0.337655272766964,2.03057165591893,7.64405217508245,0.46,6.25765759532064,9.312,3.5132854598344,0.645275232486903,2.44363253454163,4.13883158031812,1.15894457816811,0.221,0.242256538337709,0.495,7.36853406080981,0.3,4.6257398645192,0.165,1.0130265648226,2.66458687633379,1.53717715541664,0.25,0.37,0.189,0.114816475641016,0.335697900279151,0.149
2008-12-24,0.149,0.347166688901245,2.05616709695992,7.94980814684401,0.5,6.45032978366384,9.44,3.54184875625582,0.645275232486903,2.62934860716679,4.1806379599173,1.08361897531008,0.221,0.237597758754291,0.56,7.69138220264941,0.38,4.70171004477591,0.18,1.06930581842385,2.59196710821568,1.58890907891624,0.25,0.4,0.191,0.114113552615589,0.339308956576403,0.149
2008-12-25,0.149,0.347166688901245,2.05616709695992,7.94980814684401,0.5,6.45032978366384,9.44,3.54184875625582,0.645275232486903,2.62934860716679,4.1806379599173,1.08361897531008,0.221,0.237597758754291,0.56,7.69138220264941,0.38,4.70171004477591,0.18,1.06930581842385,2.59196710821568,1.58890907891624,0.25,0.4,0.191,0.111293288281866,0.339308956576403,0.149
2008-12-26,0.149,0.347166688901245,2.05616709695992,7.94980814684401,0.5,6.45032978366384,9.44,3.54184875625582,0.645275232486903,2.62934860716679,4.1806379599173,1.08361897531008,0.221,0.237597758754291,0.56,7.69138220264941,0.38,4.70171004477591,0.18,1.06930581842385,2.59196710821568,1.58890907891624,0.25,0.4,0.191,0.111293288281866,0.339308956576403,0.149
2008-12-29,0.149,0.347166688901245,2.07323072432059,8.2433275198837,0.54,6.92782172868831,9.6,3.61801754671293,0.638024948975815,2.66844672771945,4.13883158031812,1.12997096371391,0.221,0.246915317921126,0.59,7.8433107399857,0.32,4.85365040528931,0.175,1.05992594282364,2.63665619628836,1.55195770498795,0.25,0.37,0.18,0.114113552615589,0.332086843981899,0.15
2008-12-30,0.148,0.332899564699824,2.07323072432059,8.36562012420154,0.55,6.92782172868831,9.568,3.47520106460584,0.630774665464726,2.67822125785762,4.22244433951647,1.14156040949559,0.221,0.246915317921126,0.65,8.12817674749123,0.34,4.80300361845151,0.175,1.05054606722343,2.60872551624293,1.52978688063098,0.19,0.395,0.19,0.117628167742722,0.353745514979218,0.15
2008-12-31,0.148,0.328143856632684,2.05616709695992,8.50018601869169,0.56,7.01996929702637,9.52,3.57041205267724,0.630774665464726,2.69777031813395,4.24752816727597,1.15315565000016,0.221,0.246915317921126,0.73,8.23262761690993,0.34,4.79456248731188,0.17,1.06930581842385,2.61989778826111,1.53717715541664,0.19,0.355,0.183,0.119042586025593,0.35735657127647,0.16
